Date,Time,Global_active_power,Global_reactive_power,Voltage,Global_intensity,Sub_metering_1,Sub_metering_2,Sub_metering_3
25/2/2007,13:24:00,0.328,0.136,244.220,1.400,0.000,0.000,0.0
25/2/2007,13:25:00,0.328,0.136,244.150,1.400,0.000,0.000,0.0
25/2/2007,13:26:00,0.326,0.136,243.930,1.400,0.000,0.000,0.0
25/2/2007,13:27:00,0.322,0.132,243.000,1.400,0.000,0.000,0.0
25/2/2007,13:28:00,0.318,0.126,241.760,1.400,0.000,0.000,0.0
25/2/2007,13:29:00,0.320,0.132,243.300,1.400,0.000,0.000,0.0
25/2/2007,13:30:00,0.320,0.136,243.820,1.400,0.000,0.000,0.0
25/2/2007,13:31:00,0.318,0.136,243.550,1.400,0.000,0.000,0.0
25/2/2007,13:32:00,0.316,0.132,242.860,1.400,0.000,0.000,0.0
25/2/2007,13:33:00,0.318,0.138,244.270,1.400,0.000,0.000,0.0
25/2/2007,13:34:00,0.318,0.138,244.350,1.400,0.000,0.000,0.0
25/2/2007,13:35:00,0.312,0.130,242.900,1.400,0.000,0.000,0.0
25/2/2007,13:36:00,0.218,0.000,241.700,0.800,0.000,0.000,0.0
25/2/2007,13:37:00,0.220,0.000,243.230,0.800,0.000,0.000,0.0
25/2/2007,13:38:00,0.224,0.000,244.650,1.000,0.000,0.000,0.0
25/2/2007,13:39:00,0.222,0.000,244.440,1.000,0.000,0.000,0.0
25/2/2007,13:40:00,0.222,0.000,244.610,1.000,0.000,0.000,0.0
25/2/2007,13:41:00,0.224,0.000,245.070,1.000,0.000,0.000,0.0
25/2/2007,13:42:00,0.224,0.000,245.020,1.000,0.000,0.000,0.0
25/2/2007,13:43:00,0.224,0.000,244.800,1.000,0.000,0.000,0.0
25/2/2007,13:44:00,0.224,0.000,244.740,1.000,0.000,0.000,0.0
25/2/2007,13:45:00,0.222,0.000,243.990,1.000,0.000,0.000,0.0
25/2/2007,13:46:00,0.220,0.000,242.380,0.800,0.000,0.000,0.0
25/2/2007,13:47:00,0.218,0.000,241.560,0.800,0.000,0.000,0.0
25/2/2007,13:48:00,0.220,0.000,242.900,0.800,0.000,0.000,0.0
25/2/2007,13:49:00,0.220,0.000,243.140,0.800,0.000,0.000,0.0
25/2/2007,13:50:00,0.220,0.000,242.470,0.800,0.000,0.000,0.0
25/2/2007,13:51:00,0.298,0.088,241.150,1.400,0.000,0.000,0.0
25/2/2007,13:52:00,0.304,0.116,242.040,1.200,0.000,1.000,0.0
25/2/2007,13:53:00,0.300,0.114,241.630,1.200,0.000,2.000,0.0
25/2/2007,13:54:00,0.302,0.116,242.230,1.200,0.000,1.000,0.0
25/2/2007,13:55:00,0.304,0.120,243.210,1.400,0.000,1.000,0.0
25/2/2007,13:56:00,0.304,0.118,242.340,1.200,0.000,2.000,0.0
25/2/2007,13:57:00,0.304,0.116,242.210,1.200,0.000,1.000,0.0
25/2/2007,13:58:00,0.326,0.128,242.990,1.600,0.000,2.000,0.0
25/2/2007,13:59:00,0.382,0.234,244.090,1.800,0.000,1.000,0.0
25/2/2007,14:00:00,0.384,0.238,245.070,1.800,0.000,1.000,0.0
25/2/2007,14:01:00,0.386,0.242,245.770,1.800,0.000,2.000,0.0
25/2/2007,14:02:00,0.384,0.244,245.970,1.800,0.000,1.000,0.0
25/2/2007,14:03:00,0.384,0.246,246.270,1.800,0.000,2.000,0.0
25/2/2007,14:04:00,0.382,0.242,245.920,1.800,0.000,1.000,0.0
25/2/2007,14:05:00,0.380,0.240,245.540,1.800,0.000,1.000,0.0
25/2/2007,14:06:00,0.472,0.346,245.470,2.400,0.000,2.000,0.0
25/2/2007,14:07:00,0.944,0.310,244.580,4.600,0.000,1.000,6.0
25/2/2007,14:08:00,1.536,0.248,243.040,6.400,0.000,1.000,19.0
25/2/2007,14:09:00,1.510,0.244,242.200,6.200,0.000,2.000,19.0
25/2/2007,14:10:00,1.492,0.242,241.930,6.200,0.000,1.000,18.0
25/2/2007,14:11:00,1.480,0.240,241.640,6.200,0.000,1.000,18.0
25/2/2007,14:12:00,1.466,0.234,240.710,6.000,0.000,1.000,18.0
25/2/2007,14:13:00,1.464,0.236,240.920,6.000,0.000,2.000,18.0
25/2/2007,14:14:00,1.460,0.234,240.820,6.000,0.000,1.000,18.0
25/2/2007,14:15:00,1.446,0.230,239.790,6.000,0.000,1.000,17.0
25/2/2007,14:16:00,1.436,0.226,239.090,6.000,0.000,1.000,18.0
25/2/2007,14:17:00,1.440,0.228,239.480,6.000,0.000,1.000,17.0
25/2/2007,14:18:00,1.418,0.186,240.070,5.800,0.000,1.000,18.0
25/2/2007,14:19:00,1.368,0.108,239.670,5.600,0.000,0.000,18.0
25/2/2007,14:20:00,1.356,0.080,240.520,5.600,0.000,0.000,17.0
25/2/2007,14:21:00,1.296,0.000,241.550,5.200,0.000,0.000,18.0
25/2/2007,14:22:00,1.282,0.000,240.330,5.200,0.000,0.000,18.0
25/2/2007,14:23:00,1.282,0.000,240.190,5.200,0.000,0.000,18.0
25/2/2007,14:24:00,1.302,0.000,242.220,5.400,0.000,0.000,18.0
25/2/2007,14:25:00,1.302,0.000,242.240,5.400,0.000,0.000,18.0
25/2/2007,14:26:00,1.296,0.000,241.640,5.200,0.000,0.000,18.0
25/2/2007,14:27:00,1.294,0.000,241.410,5.200,0.000,0.000,18.0
25/2/2007,14:28:00,1.296,0.000,241.680,5.200,0.000,0.000,17.0
25/2/2007,14:29:00,1.290,0.000,241.060,5.200,0.000,0.000,18.0
25/2/2007,14:30:00,1.280,0.000,240.130,5.200,0.000,0.000,18.0
25/2/2007,14:31:00,1.300,0.000,242.000,5.200,0.000,0.000,18.0
25/2/2007,14:32:00,1.294,0.000,241.440,5.200,0.000,0.000,18.0
25/2/2007,14:33:00,1.286,0.000,240.690,5.200,0.000,0.000,18.0
25/2/2007,14:34:00,1.288,0.000,241.000,5.200,0.000,0.000,17.0
25/2/2007,14:35:00,1.282,0.000,240.380,5.200,0.000,0.000,18.0
25/2/2007,14:36:00,1.292,0.000,241.190,5.200,0.000,0.000,18.0
25/2/2007,14:37:00,1.274,0.000,239.470,5.200,0.000,0.000,17.0
25/2/2007,14:38:00,1.278,0.000,239.980,5.200,0.000,0.000,18.0
25/2/2007,14:39:00,1.286,0.000,240.800,5.200,0.000,0.000,18.0
25/2/2007,14:40:00,1.286,0.000,240.720,5.200,0.000,0.000,18.0
25/2/2007,14:41:00,1.280,0.000,240.110,5.200,0.000,0.000,17.0
25/2/2007,14:42:00,1.282,0.000,240.390,5.200,0.000,0.000,18.0
25/2/2007,14:43:00,1.282,0.000,240.300,5.200,0.000,0.000,18.0
25/2/2007,14:44:00,1.272,0.000,239.350,5.200,0.000,0.000,17.0
25/2/2007,14:45:00,1.276,0.000,239.830,5.200,0.000,0.000,18.0
25/2/2007,14:46:00,1.284,0.000,240.620,5.200,0.000,0.000,18.0
25/2/2007,14:47:00,1.286,0.000,240.710,5.200,0.000,0.000,17.0
25/2/2007,14:48:00,1.284,0.000,240.440,5.200,0.000,0.000,18.0
25/2/2007,14:49:00,1.380,0.082,241.240,5.600,0.000,0.000,18.0
25/2/2007,14:50:00,1.372,0.086,241.990,5.600,0.000,0.000,18.0
25/2/2007,14:51:00,1.426,0.144,241.360,5.800,0.000,0.000,18.0
25/2/2007,14:52:00,1.478,0.220,241.580,6.200,0.000,0.000,18.0
25/2/2007,14:53:00,1.476,0.222,241.860,6.000,0.000,0.000,18.0
25/2/2007,14:54:00,1.472,0.220,241.700,6.000,0.000,0.000,18.0
25/2/2007,14:55:00,1.452,0.212,240.060,6.000,0.000,0.000,17.0
25/2/2007,14:56:00,1.450,0.214,240.150,6.000,0.000,0.000,18.0
25/2/2007,14:57:00,1.400,0.160,240.490,5.800,0.000,0.000,18.0
25/2/2007,14:58:00,0.322,0.132,243.050,1.400,0.000,0.000,0.0
25/2/2007,14:59:00,0.320,0.130,242.640,1.400,0.000,0.000,0.0
25/2/2007,15:00:00,0.318,0.130,242.690,1.400,0.000,0.000,0.0
25/2/2007,15:01:00,0.318,0.134,243.410,1.400,0.000,0.000,0.0
25/2/2007,15:02:00,0.316,0.132,242.850,1.400,0.000,0.000,0.0
25/2/2007,15:03:00,0.318,0.136,244.030,1.400,0.000,0.000,0.0
25/2/2007,15:04:00,0.316,0.132,243.100,1.400,0.000,0.000,0.0
25/2/2007,15:05:00,0.314,0.128,242.340,1.400,0.000,0.000,0.0
25/2/2007,15:06:00,0.220,0.000,243.010,0.800,0.000,0.000,0.0
25/2/2007,15:07:00,0.220,0.000,242.930,0.800,0.000,0.000,0.0
25/2/2007,15:08:00,0.222,0.000,243.260,0.800,0.000,0.000,0.0
25/2/2007,15:09:00,0.220,0.000,242.680,0.800,0.000,0.000,0.0
25/2/2007,15:10:00,0.222,0.000,243.570,0.800,0.000,0.000,0.0
25/2/2007,15:11:00,0.222,0.000,243.620,1.000,0.000,0.000,0.0
25/2/2007,15:12:00,0.220,0.000,243.220,0.800,0.000,0.000,0.0
25/2/2007,15:13:00,0.222,0.000,243.610,1.000,0.000,0.000,0.0
25/2/2007,15:14:00,0.222,0.000,243.860,1.000,0.000,0.000,0.0
25/2/2007,15:15:00,0.222,0.000,243.610,1.000,0.000,0.000,0.0
25/2/2007,15:16:00,0.220,0.000,242.350,0.800,0.000,0.000,0.0
25/2/2007,15:17:00,0.220,0.000,243.060,0.800,0.000,0.000,0.0
25/2/2007,15:18:00,0.218,0.000,241.740,0.800,0.000,0.000,0.0
25/2/2007,15:19:00,0.218,0.000,241.270,0.800,0.000,0.000,0.0
25/2/2007,15:20:00,0.218,0.000,241.780,0.800,0.000,0.000,0.0
25/2/2007,15:21:00,0.220,0.000,243.060,0.800,0.000,0.000,0.0
25/2/2007,15:22:00,0.220,0.000,243.030,0.800,0.000,0.000,0.0
25/2/2007,15:23:00,0.220,0.000,242.460,0.800,0.000,0.000,0.0
25/2/2007,15:24:00,0.222,0.000,243.520,1.000,0.000,0.000,0.0
25/2/2007,15:25:00,0.222,0.000,243.670,1.000,0.000,0.000,0.0
25/2/2007,15:26:00,0.220,0.000,243.250,0.800,0.000,0.000,0.0
25/2/2007,15:27:00,0.222,0.000,243.290,0.800,0.000,0.000,0.0
25/2/2007,15:28:00,0.222,0.000,243.320,0.800,0.000,0.000,0.0
25/2/2007,15:29:00,0.222,0.000,243.890,1.000,0.000,0.000,0.0
25/2/2007,15:30:00,0.222,0.000,244.030,1.000,0.000,0.000,0.0
25/2/2007,15:31:00,0.224,0.000,244.870,1.000,0.000,0.000,0.0
25/2/2007,15:32:00,0.222,0.000,244.290,1.000,0.000,0.000,0.0
25/2/2007,15:33:00,0.222,0.000,244.520,1.000,0.000,0.000,0.0
25/2/2007,15:34:00,0.222,0.000,243.750,1.000,0.000,0.000,0.0
25/2/2007,15:35:00,0.222,0.000,244.480,1.000,0.000,0.000,0.0
25/2/2007,15:36:00,0.296,0.074,244.420,1.400,0.000,0.000,0.0
25/2/2007,15:37:00,0.334,0.138,244.480,1.400,0.000,0.000,0.0
25/2/2007,15:38:00,0.332,0.140,244.750,1.400,0.000,0.000,0.0
25/2/2007,15:39:00,0.396,0.210,243.950,2.000,0.000,0.000,0.0
25/2/2007,15:40:00,0.400,0.240,243.310,1.800,0.000,0.000,0.0
25/2/2007,15:41:00,0.400,0.240,243.430,1.800,0.000,0.000,0.0
25/2/2007,15:42:00,0.400,0.248,244.570,1.800,0.000,0.000,0.0
25/2/2007,15:43:00,0.400,0.248,244.930,1.800,0.000,0.000,0.0
25/2/2007,15:44:00,0.396,0.244,243.870,1.800,0.000,0.000,0.0
25/2/2007,15:45:00,0.394,0.246,244.480,1.800,0.000,0.000,0.0
25/2/2007,15:46:00,0.394,0.248,244.810,1.800,0.000,0.000,0.0
25/2/2007,15:47:00,0.390,0.246,244.540,1.800,0.000,0.000,0.0
25/2/2007,15:48:00,0.320,0.140,244.040,1.400,0.000,0.000,0.0
25/2/2007,15:49:00,0.316,0.136,243.730,1.400,0.000,0.000,0.0
25/2/2007,15:50:00,0.302,0.114,243.390,1.400,0.000,0.000,0.0
25/2/2007,15:51:00,0.222,0.000,243.540,0.800,0.000,0.000,0.0
25/2/2007,15:52:00,0.222,0.000,244.070,1.000,0.000,0.000,0.0
25/2/2007,15:53:00,0.222,0.000,243.590,0.800,0.000,0.000,0.0
25/2/2007,15:54:00,0.220,0.000,242.630,0.800,0.000,0.000,0.0
25/2/2007,15:55:00,0.218,0.000,240.930,0.800,0.000,0.000,0.0
25/2/2007,15:56:00,0.218,0.000,241.410,0.800,0.000,0.000,0.0
25/2/2007,15:57:00,0.218,0.000,241.690,0.800,0.000,0.000,0.0
25/2/2007,15:58:00,0.216,0.000,240.250,0.800,0.000,0.000,0.0
25/2/2007,15:59:00,0.216,0.000,239.730,0.800,0.000,0.000,0.0
25/2/2007,16:00:00,0.214,0.000,238.750,0.800,0.000,0.000,0.0
25/2/2007,16:01:00,0.214,0.000,239.120,0.800,0.000,0.000,0.0
25/2/2007,16:02:00,0.214,0.000,239.530,0.800,0.000,0.000,0.0
25/2/2007,16:03:00,0.216,0.000,239.740,0.800,0.000,0.000,0.0
25/2/2007,16:04:00,0.216,0.000,240.480,0.800,0.000,0.000,0.0
25/2/2007,16:05:00,0.216,0.000,240.840,0.800,0.000,0.000,0.0
25/2/2007,16:06:00,0.214,0.000,239.660,0.800,0.000,0.000,0.0
25/2/2007,16:07:00,0.216,0.000,240.190,0.800,0.000,0.000,0.0
25/2/2007,16:08:00,0.216,0.000,240.820,0.800,0.000,0.000,0.0
25/2/2007,16:09:00,0.216,0.000,240.580,0.800,0.000,0.000,0.0
25/2/2007,16:10:00,0.214,0.000,239.450,0.800,0.000,0.000,0.0
25/2/2007,16:11:00,0.216,0.000,239.960,0.800,0.000,0.000,0.0
25/2/2007,16:12:00,0.216,0.000,239.870,0.800,0.000,0.000,0.0
25/2/2007,16:13:00,0.214,0.000,239.450,0.800,0.000,0.000,0.0
25/2/2007,16:14:00,0.216,0.000,240.490,0.800,0.000,0.000,0.0
25/2/2007,16:15:00,0.216,0.000,239.890,0.800,0.000,0.000,0.0
25/2/2007,16:16:00,0.218,0.000,241.010,0.800,0.000,0.000,0.0
25/2/2007,16:17:00,0.218,0.000,241.960,0.800,0.000,0.000,0.0
25/2/2007,16:18:00,0.220,0.000,242.760,0.800,0.000,0.000,0.0
25/2/2007,16:19:00,0.220,0.000,242.770,0.800,0.000,0.000,0.0
25/2/2007,16:20:00,0.220,0.000,242.760,0.800,0.000,0.000,0.0
25/2/2007,16:21:00,0.342,0.124,241.480,1.800,0.000,0.000,0.0
25/2/2007,16:22:00,0.414,0.254,242.400,2.000,0.000,1.000,0.0
25/2/2007,16:23:00,0.408,0.250,241.580,2.000,0.000,2.000,0.0
25/2/2007,16:24:00,0.406,0.252,241.880,2.000,0.000,1.000,0.0
25/2/2007,16:25:00,0.408,0.252,241.940,2.000,0.000,2.000,0.0
25/2/2007,16:26:00,0.406,0.252,242.080,2.000,0.000,1.000,0.0
25/2/2007,16:27:00,0.402,0.248,241.210,1.800,0.000,1.000,0.0
25/2/2007,16:28:00,0.404,0.254,242.600,2.000,0.000,2.000,0.0
25/2/2007,16:29:00,0.404,0.254,242.520,2.000,0.000,1.000,0.0
25/2/2007,16:30:00,0.470,0.332,242.790,2.400,0.000,2.000,0.0
25/2/2007,16:31:00,0.472,0.354,241.440,2.400,0.000,1.000,0.0
25/2/2007,16:32:00,0.470,0.350,240.970,2.400,0.000,1.000,0.0
25/2/2007,16:33:00,0.468,0.354,241.450,2.400,0.000,2.000,0.0
25/2/2007,16:34:00,0.468,0.360,242.370,2.400,0.000,1.000,0.0
25/2/2007,16:35:00,0.452,0.334,241.860,2.200,0.000,1.000,0.0
25/2/2007,16:36:00,0.368,0.214,240.630,1.800,0.000,2.000,0.0
25/2/2007,16:37:00,0.370,0.222,242.180,1.800,0.000,1.000,0.0
25/2/2007,16:38:00,0.368,0.224,242.690,1.800,0.000,1.000,0.0
25/2/2007,16:39:00,0.302,0.126,242.890,1.400,0.000,2.000,0.0
25/2/2007,16:40:00,0.294,0.114,241.610,1.200,0.000,1.000,0.0
25/2/2007,16:41:00,0.294,0.114,241.900,1.200,0.000,1.000,0.0
25/2/2007,16:42:00,0.294,0.114,241.820,1.200,0.000,1.000,0.0
25/2/2007,16:43:00,0.292,0.112,241.350,1.200,0.000,2.000,0.0
25/2/2007,16:44:00,0.294,0.116,242.460,1.200,0.000,1.000,0.0
25/2/2007,16:45:00,0.294,0.118,243.040,1.200,0.000,1.000,0.0
25/2/2007,16:46:00,0.292,0.116,242.530,1.200,0.000,1.000,0.0
25/2/2007,16:47:00,0.290,0.112,241.450,1.200,0.000,2.000,0.0
25/2/2007,16:48:00,0.254,0.052,241.590,1.000,0.000,0.000,0.0
25/2/2007,16:49:00,0.220,0.000,242.200,0.800,0.000,0.000,0.0
25/2/2007,16:50:00,0.220,0.000,242.080,0.800,0.000,0.000,0.0
25/2/2007,16:51:00,0.218,0.000,241.880,0.800,0.000,0.000,0.0
25/2/2007,16:52:00,0.220,0.000,242.210,0.800,0.000,0.000,0.0
25/2/2007,16:53:00,0.220,0.000,242.220,0.800,0.000,0.000,0.0
25/2/2007,16:54:00,0.220,0.000,242.200,0.800,0.000,0.000,0.0
25/2/2007,16:55:00,0.218,0.000,241.920,0.800,0.000,0.000,0.0
25/2/2007,16:56:00,0.218,0.000,241.880,0.800,0.000,0.000,0.0
25/2/2007,16:57:00,0.218,0.000,242.140,0.800,0.000,0.000,0.0
25/2/2007,16:58:00,0.218,0.000,242.000,0.800,0.000,0.000,0.0
25/2/2007,16:59:00,0.222,0.000,243.280,1.000,0.000,0.000,0.0
25/2/2007,17:00:00,0.222,0.000,243.490,1.000,0.000,0.000,0.0
25/2/2007,17:01:00,0.220,0.000,242.560,0.800,0.000,0.000,0.0
25/2/2007,17:02:00,0.222,0.000,243.680,1.000,0.000,0.000,0.0
25/2/2007,17:03:00,0.222,0.000,243.640,1.000,0.000,0.000,0.0
25/2/2007,17:04:00,0.224,0.000,244.490,1.000,0.000,0.000,0.0
25/2/2007,17:05:00,0.222,0.000,243.970,1.000,0.000,0.000,0.0
25/2/2007,17:06:00,0.280,0.054,244.430,1.200,0.000,0.000,0.0
25/2/2007,17:07:00,0.334,0.134,243.550,1.400,0.000,0.000,0.0
25/2/2007,17:08:00,0.328,0.128,242.320,1.400,0.000,0.000,0.0
25/2/2007,17:09:00,0.324,0.128,242.080,1.400,0.000,0.000,0.0
25/2/2007,17:10:00,0.324,0.130,242.720,1.400,0.000,0.000,0.0
25/2/2007,17:11:00,0.322,0.128,242.260,1.400,0.000,0.000,0.0
25/2/2007,17:12:00,0.318,0.122,241.300,1.400,0.000,0.000,0.0
25/2/2007,17:13:00,0.318,0.126,241.650,1.400,0.000,0.000,0.0
25/2/2007,17:14:00,0.318,0.126,241.780,1.400,0.000,0.000,0.0
25/2/2007,17:15:00,0.314,0.122,241.090,1.400,0.000,0.000,0.0
25/2/2007,17:16:00,0.314,0.126,241.760,1.400,0.000,0.000,0.0
25/2/2007,17:17:00,0.316,0.128,242.510,1.400,0.000,0.000,0.0
25/2/2007,17:18:00,0.314,0.128,242.220,1.400,0.000,0.000,0.0
25/2/2007,17:19:00,0.312,0.124,241.210,1.400,0.000,0.000,0.0
25/2/2007,17:20:00,0.306,0.114,240.080,1.400,0.000,0.000,0.0
25/2/2007,17:21:00,0.240,0.000,240.200,1.200,0.000,0.000,0.0
25/2/2007,17:22:00,0.290,0.090,240.090,1.200,0.000,0.000,0.0
25/2/2007,17:23:00,0.290,0.092,240.340,1.200,0.000,0.000,0.0
25/2/2007,17:24:00,0.292,0.094,241.230,1.200,0.000,0.000,0.0
25/2/2007,17:25:00,0.290,0.092,240.390,1.200,0.000,0.000,0.0
25/2/2007,17:26:00,0.288,0.088,239.620,1.200,0.000,0.000,0.0
25/2/2007,17:27:00,0.290,0.092,240.610,1.200,0.000,0.000,0.0
25/2/2007,17:28:00,0.288,0.092,240.510,1.200,0.000,0.000,0.0
25/2/2007,17:29:00,0.288,0.094,241.190,1.200,0.000,0.000,0.0
25/2/2007,17:30:00,0.242,0.000,239.140,1.000,0.000,0.000,0.0
25/2/2007,17:31:00,0.214,0.000,239.630,0.800,0.000,0.000,0.0
25/2/2007,17:32:00,0.214,0.000,239.150,0.800,0.000,0.000,0.0
25/2/2007,17:33:00,0.214,0.000,239.110,0.800,0.000,0.000,0.0
25/2/2007,17:34:00,0.212,0.000,238.460,0.800,0.000,0.000,0.0
25/2/2007,17:35:00,0.212,0.000,238.510,0.800,0.000,0.000,0.0
25/2/2007,17:36:00,0.214,0.000,238.840,0.800,0.000,0.000,0.0
25/2/2007,17:37:00,0.212,0.000,237.860,0.800,0.000,0.000,0.0
25/2/2007,17:38:00,0.212,0.000,238.360,0.800,0.000,0.000,0.0
25/2/2007,17:39:00,0.212,0.000,238.440,0.800,0.000,0.000,0.0
25/2/2007,17:40:00,0.214,0.000,239.110,0.800,0.000,0.000,0.0
25/2/2007,17:41:00,0.214,0.000,239.770,0.800,0.000,0.000,0.0
25/2/2007,17:42:00,0.216,0.000,240.180,0.800,0.000,0.000,0.0
25/2/2007,17:43:00,0.214,0.000,239.640,0.800,0.000,0.000,0.0
25/2/2007,17:44:00,0.212,0.000,238.430,0.800,0.000,0.000,0.0
25/2/2007,17:45:00,0.214,0.000,239.580,0.800,0.000,0.000,0.0
25/2/2007,17:46:00,0.214,0.000,239.480,0.800,0.000,0.000,0.0
25/2/2007,17:47:00,0.216,0.000,240.130,0.800,0.000,0.000,0.0
25/2/2007,17:48:00,0.214,0.000,239.630,0.800,0.000,0.000,0.0
25/2/2007,17:49:00,0.216,0.000,239.860,0.800,0.000,0.000,0.0
25/2/2007,17:50:00,0.216,0.000,240.010,0.800,0.000,0.000,0.0
25/2/2007,17:51:00,0.214,0.000,239.600,0.800,0.000,0.000,0.0
25/2/2007,17:52:00,0.304,0.078,240.270,1.400,0.000,0.000,0.0
25/2/2007,17:53:00,0.326,0.122,240.580,1.400,0.000,0.000,0.0
25/2/2007,17:54:00,0.322,0.120,240.050,1.400,0.000,0.000,0.0
25/2/2007,17:55:00,0.320,0.116,239.140,1.400,0.000,0.000,0.0
25/2/2007,17:56:00,0.318,0.116,239.300,1.400,0.000,0.000,0.0
25/2/2007,17:57:00,0.316,0.116,239.370,1.400,0.000,0.000,0.0
25/2/2007,17:58:00,0.314,0.114,238.810,1.400,0.000,0.000,0.0
25/2/2007,17:59:00,0.312,0.114,238.830,1.400,0.000,0.000,0.0
25/2/2007,18:00:00,0.312,0.112,238.580,1.400,0.000,0.000,0.0
25/2/2007,18:01:00,0.308,0.108,237.450,1.400,0.000,0.000,0.0
25/2/2007,18:02:00,0.306,0.106,236.810,1.400,0.000,0.000,0.0
25/2/2007,18:03:00,0.306,0.106,236.850,1.400,0.000,0.000,0.0
25/2/2007,18:04:00,0.306,0.108,237.370,1.400,0.000,0.000,0.0
25/2/2007,18:05:00,0.306,0.112,238.550,1.400,0.000,0.000,0.0
25/2/2007,18:06:00,0.252,0.000,238.440,1.000,0.000,0.000,0.0
25/2/2007,18:07:00,0.214,0.000,239.550,0.800,0.000,0.000,0.0
25/2/2007,18:08:00,0.216,0.000,239.960,0.800,0.000,0.000,0.0
25/2/2007,18:09:00,0.214,0.000,239.760,0.800,0.000,0.000,0.0
25/2/2007,18:10:00,0.216,0.000,240.450,0.800,0.000,0.000,0.0
25/2/2007,18:11:00,0.216,0.000,240.590,0.800,0.000,0.000,0.0
25/2/2007,18:12:00,0.230,0.000,239.880,1.200,0.000,0.000,0.0
25/2/2007,18:13:00,0.294,0.092,240.670,1.200,0.000,0.000,0.0
25/2/2007,18:14:00,0.290,0.092,240.360,1.200,0.000,0.000,0.0
25/2/2007,18:15:00,0.290,0.092,240.550,1.200,0.000,0.000,0.0
25/2/2007,18:16:00,0.290,0.090,240.210,1.200,0.000,0.000,0.0
25/2/2007,18:17:00,0.288,0.088,239.540,1.200,0.000,0.000,0.0
25/2/2007,18:18:00,0.286,0.086,238.530,1.200,0.000,0.000,0.0
25/2/2007,18:19:00,0.286,0.086,238.460,1.200,0.000,0.000,0.0
25/2/2007,18:20:00,0.288,0.092,240.610,1.200,0.000,0.000,0.0
25/2/2007,18:21:00,0.254,0.046,241.120,1.000,0.000,0.000,0.0
25/2/2007,18:22:00,0.222,0.000,240.000,1.000,0.000,0.000,0.0
25/2/2007,18:23:00,0.224,0.000,240.530,1.000,0.000,0.000,0.0
25/2/2007,18:24:00,0.224,0.000,241.230,1.000,0.000,0.000,0.0
25/2/2007,18:25:00,0.220,0.000,241.080,0.800,0.000,0.000,0.0
25/2/2007,18:26:00,0.216,0.000,240.620,0.800,0.000,0.000,0.0
25/2/2007,18:27:00,0.218,0.000,241.940,0.800,0.000,0.000,0.0
25/2/2007,18:28:00,0.216,0.000,241.210,0.800,0.000,0.000,0.0
25/2/2007,18:29:00,0.216,0.000,240.650,0.800,0.000,0.000,0.0
25/2/2007,18:30:00,0.214,0.000,239.460,0.800,0.000,0.000,0.0
25/2/2007,18:31:00,0.214,0.000,240.050,0.800,0.000,0.000,0.0
25/2/2007,18:32:00,0.214,0.000,240.140,0.800,0.000,0.000,0.0
25/2/2007,18:33:00,0.214,0.000,239.650,0.800,0.000,0.000,0.0
25/2/2007,18:34:00,0.216,0.000,240.550,0.800,0.000,0.000,0.0
25/2/2007,18:35:00,0.216,0.000,240.930,0.800,0.000,0.000,0.0
25/2/2007,18:36:00,0.214,0.000,239.720,0.800,0.000,0.000,0.0
25/2/2007,18:37:00,0.278,0.000,240.090,1.200,0.000,0.000,0.0
25/2/2007,18:38:00,0.334,0.122,240.810,1.400,0.000,0.000,0.0
25/2/2007,18:39:00,0.330,0.122,240.660,1.400,0.000,0.000,0.0
25/2/2007,18:40:00,0.324,0.114,238.810,1.400,0.000,0.000,0.0
25/2/2007,18:41:00,0.324,0.118,239.500,1.400,0.000,0.000,0.0
25/2/2007,18:42:00,0.322,0.118,239.610,1.400,0.000,0.000,0.0
25/2/2007,18:43:00,0.316,0.116,239.760,1.400,0.000,0.000,0.0
25/2/2007,18:44:00,0.312,0.114,239.040,1.400,0.000,0.000,0.0
25/2/2007,18:45:00,0.310,0.112,238.330,1.400,0.000,0.000,0.0
25/2/2007,18:46:00,0.308,0.108,237.430,1.400,0.000,0.000,0.0
25/2/2007,18:47:00,0.306,0.110,237.850,1.400,0.000,0.000,0.0
25/2/2007,18:48:00,0.308,0.114,238.720,1.400,0.000,0.000,0.0
25/2/2007,18:49:00,0.308,0.114,239.040,1.400,0.000,0.000,0.0
25/2/2007,18:50:00,0.304,0.110,237.970,1.400,0.000,0.000,0.0
25/2/2007,18:51:00,0.372,0.188,238.530,1.800,0.000,0.000,0.0
25/2/2007,18:52:00,0.310,0.114,238.580,1.400,0.000,1.000,0.0
25/2/2007,18:53:00,0.302,0.104,239.020,1.200,0.000,2.000,0.0
25/2/2007,18:54:00,0.298,0.100,237.640,1.200,0.000,1.000,0.0
25/2/2007,18:55:00,0.302,0.104,238.790,1.200,0.000,1.000,0.0
25/2/2007,18:56:00,0.304,0.106,239.560,1.200,0.000,2.000,0.0
25/2/2007,18:57:00,0.302,0.102,238.370,1.200,0.000,1.000,0.0
25/2/2007,18:58:00,0.296,0.102,238.610,1.200,0.000,2.000,0.0
25/2/2007,18:59:00,0.298,0.108,240.580,1.200,0.000,1.000,0.0
25/2/2007,19:00:00,0.296,0.104,239.480,1.200,0.000,1.000,0.0
25/2/2007,19:01:00,0.298,0.108,240.090,1.200,0.000,2.000,0.0
25/2/2007,19:02:00,0.298,0.110,240.690,1.200,0.000,1.000,0.0
25/2/2007,19:03:00,0.298,0.110,241.030,1.200,0.000,1.000,0.0
25/2/2007,19:04:00,0.384,0.210,241.040,1.800,0.000,2.000,0.0
25/2/2007,19:05:00,0.374,0.224,242.880,1.800,0.000,1.000,0.0
25/2/2007,19:06:00,0.376,0.226,243.300,1.800,0.000,2.000,0.0
25/2/2007,19:07:00,0.376,0.216,241.480,1.800,0.000,1.000,0.0
25/2/2007,19:08:00,0.374,0.212,240.440,1.800,0.000,1.000,0.0
25/2/2007,19:09:00,0.372,0.214,240.640,1.800,0.000,1.000,0.0
25/2/2007,19:10:00,0.368,0.210,240.020,1.800,0.000,2.000,0.0
25/2/2007,19:11:00,0.364,0.210,239.950,1.600,0.000,1.000,0.0
25/2/2007,19:12:00,0.324,0.160,240.840,1.400,0.000,1.000,0.0
25/2/2007,19:13:00,0.288,0.110,241.070,1.200,0.000,1.000,0.0
25/2/2007,19:14:00,0.288,0.108,240.830,1.200,0.000,2.000,0.0
25/2/2007,19:15:00,0.292,0.116,242.870,1.200,0.000,1.000,0.0
25/2/2007,19:16:00,0.290,0.114,242.420,1.200,0.000,1.000,0.0
25/2/2007,19:17:00,0.288,0.112,241.680,1.200,0.000,1.000,0.0
25/2/2007,19:18:00,0.252,0.048,241.240,1.000,0.000,1.000,0.0
25/2/2007,19:19:00,0.218,0.000,241.930,0.800,0.000,0.000,0.0
25/2/2007,19:20:00,0.218,0.000,242.230,0.800,0.000,0.000,0.0
25/2/2007,19:21:00,0.216,0.000,240.890,0.800,0.000,0.000,0.0
25/2/2007,19:22:00,0.224,0.000,242.200,1.000,0.000,0.000,0.0
25/2/2007,19:23:00,0.318,0.092,242.320,1.400,0.000,0.000,0.0
25/2/2007,19:24:00,0.334,0.128,241.910,1.400,0.000,0.000,0.0
25/2/2007,19:25:00,0.328,0.122,240.710,1.400,0.000,0.000,0.0
25/2/2007,19:26:00,0.324,0.122,240.720,1.400,0.000,0.000,0.0
25/2/2007,19:27:00,0.318,0.120,240.380,1.400,0.000,0.000,0.0
25/2/2007,19:28:00,0.314,0.116,239.460,1.400,0.000,0.000,0.0
25/2/2007,19:29:00,0.314,0.118,240.080,1.400,0.000,0.000,0.0
25/2/2007,19:30:00,0.310,0.114,238.840,1.400,0.000,0.000,0.0
25/2/2007,19:31:00,0.310,0.112,238.550,1.400,0.000,0.000,0.0
25/2/2007,19:32:00,0.310,0.116,239.700,1.400,0.000,0.000,0.0
25/2/2007,19:33:00,0.310,0.120,240.500,1.400,0.000,0.000,0.0
25/2/2007,19:34:00,0.308,0.118,239.790,1.400,0.000,0.000,0.0
25/2/2007,19:35:00,0.306,0.114,238.780,1.400,0.000,0.000,0.0
25/2/2007,19:36:00,0.306,0.114,239.100,1.400,0.000,0.000,0.0
25/2/2007,19:37:00,0.278,0.066,240.030,1.200,0.000,0.000,0.0
25/2/2007,19:38:00,0.222,0.000,240.570,1.000,0.000,0.000,0.0
25/2/2007,19:39:00,0.220,0.000,240.220,0.800,0.000,0.000,0.0
25/2/2007,19:40:00,0.212,0.000,239.430,0.800,0.000,0.000,0.0
25/2/2007,19:41:00,0.212,0.000,239.720,0.800,0.000,0.000,0.0
25/2/2007,19:42:00,0.212,0.000,238.930,0.800,0.000,0.000,0.0
25/2/2007,19:43:00,0.214,0.000,240.180,0.800,0.000,0.000,0.0
25/2/2007,19:44:00,0.214,0.000,240.050,0.800,0.000,0.000,0.0
25/2/2007,19:45:00,0.212,0.000,239.410,0.800,0.000,0.000,0.0
25/2/2007,19:46:00,0.212,0.000,239.140,0.800,0.000,0.000,0.0
25/2/2007,19:47:00,0.214,0.000,240.210,0.800,0.000,0.000,0.0
25/2/2007,19:48:00,0.214,0.000,240.500,0.800,0.000,0.000,0.0
25/2/2007,19:49:00,0.214,0.000,240.090,0.800,0.000,0.000,0.0
25/2/2007,19:50:00,0.212,0.000,239.240,0.800,0.000,0.000,0.0
25/2/2007,19:51:00,0.214,0.000,240.170,0.800,0.000,0.000,0.0
25/2/2007,19:52:00,0.214,0.000,240.070,0.800,0.000,0.000,0.0
25/2/2007,19:53:00,0.214,0.000,240.300,0.800,0.000,0.000,0.0
25/2/2007,19:54:00,0.280,0.058,240.350,1.400,0.000,0.000,0.0
25/2/2007,19:55:00,0.288,0.090,240.100,1.200,0.000,0.000,0.0
25/2/2007,19:56:00,0.286,0.086,238.340,1.200,0.000,0.000,0.0
25/2/2007,19:57:00,0.288,0.088,239.160,1.200,0.000,0.000,0.0
25/2/2007,19:58:00,0.286,0.086,238.520,1.200,0.000,0.000,0.0
25/2/2007,19:59:00,0.282,0.084,237.670,1.200,0.000,0.000,0.0
25/2/2007,20:00:00,0.282,0.084,237.820,1.200,0.000,0.000,0.0
25/2/2007,20:01:00,0.284,0.090,239.400,1.200,0.000,0.000,0.0
25/2/2007,20:02:00,0.266,0.064,238.950,1.200,0.000,0.000,0.0
25/2/2007,20:03:00,0.212,0.000,238.300,0.800,0.000,0.000,0.0
25/2/2007,20:04:00,0.210,0.000,238.160,0.800,0.000,0.000,0.0
25/2/2007,20:05:00,0.212,0.000,238.480,0.800,0.000,0.000,0.0
25/2/2007,20:06:00,0.214,0.000,240.030,0.800,0.000,0.000,0.0
25/2/2007,20:07:00,0.212,0.000,239.420,0.800,0.000,0.000,0.0
25/2/2007,20:08:00,0.320,0.098,239.860,1.400,0.000,0.000,0.0
25/2/2007,20:09:00,0.324,0.120,240.360,1.400,0.000,0.000,0.0
25/2/2007,20:10:00,0.318,0.116,239.100,1.400,0.000,0.000,0.0
25/2/2007,20:11:00,0.320,0.124,241.140,1.400,0.000,0.000,0.0
25/2/2007,20:12:00,0.320,0.124,241.080,1.400,0.000,0.000,0.0
25/2/2007,20:13:00,0.318,0.126,241.530,1.400,0.000,0.000,0.0
25/2/2007,20:14:00,0.316,0.122,240.550,1.400,0.000,0.000,0.0
25/2/2007,20:15:00,0.316,0.126,241.700,1.400,0.000,0.000,0.0
25/2/2007,20:16:00,0.316,0.128,242.020,1.400,0.000,0.000,0.0
25/2/2007,20:17:00,0.314,0.124,241.210,1.400,0.000,0.000,0.0
25/2/2007,20:18:00,0.316,0.132,242.810,1.400,0.000,0.000,0.0
25/2/2007,20:19:00,0.316,0.134,243.240,1.400,0.000,0.000,0.0
25/2/2007,20:20:00,0.316,0.134,243.290,1.400,0.000,0.000,0.0
25/2/2007,20:21:00,0.314,0.134,243.430,1.400,0.000,0.000,0.0
25/2/2007,20:22:00,0.272,0.074,243.180,1.200,0.000,0.000,0.0
25/2/2007,20:23:00,0.220,0.000,243.260,0.800,0.000,0.000,0.0
25/2/2007,20:24:00,0.220,0.000,243.130,0.800,0.000,0.000,0.0
25/2/2007,20:25:00,0.222,0.000,244.280,0.800,0.000,0.000,0.0
25/2/2007,20:26:00,0.220,0.000,243.340,0.800,0.000,0.000,0.0
25/2/2007,20:27:00,0.220,0.000,243.030,0.800,0.000,0.000,0.0
25/2/2007,20:28:00,0.220,0.000,243.480,0.800,0.000,0.000,0.0
25/2/2007,20:29:00,0.220,0.000,243.440,0.800,0.000,0.000,0.0
25/2/2007,20:30:00,0.220,0.000,243.770,0.800,0.000,0.000,0.0
25/2/2007,20:31:00,0.220,0.000,244.010,0.800,0.000,0.000,0.0
25/2/2007,20:32:00,0.220,0.000,243.970,0.800,0.000,0.000,0.0
25/2/2007,20:33:00,0.220,0.000,243.410,0.800,0.000,0.000,0.0
25/2/2007,20:34:00,0.218,0.000,242.880,0.800,0.000,0.000,0.0
25/2/2007,20:35:00,0.220,0.000,243.880,0.800,0.000,0.000,0.0
25/2/2007,20:36:00,0.224,0.000,245.280,1.000,0.000,0.000,0.0
25/2/2007,20:37:00,0.222,0.000,244.830,1.000,0.000,0.000,0.0
25/2/2007,20:38:00,0.222,0.000,244.080,1.000,0.000,0.000,0.0
25/2/2007,20:39:00,0.222,0.000,245.030,1.000,0.000,0.000,0.0
25/2/2007,20:40:00,0.224,0.000,245.290,1.000,0.000,0.000,0.0
25/2/2007,20:41:00,0.222,0.000,244.750,1.000,0.000,0.000,0.0
25/2/2007,20:42:00,0.224,0.000,245.500,1.000,0.000,0.000,0.0
25/2/2007,20:43:00,0.224,0.000,245.290,1.000,0.000,0.000,0.0
25/2/2007,20:44:00,0.284,0.064,243.880,1.400,0.000,0.000,0.0
25/2/2007,20:45:00,0.292,0.098,242.040,1.200,0.000,0.000,0.0
25/2/2007,20:46:00,0.294,0.102,242.910,1.200,0.000,0.000,0.0
25/2/2007,20:47:00,0.294,0.102,242.900,1.200,0.000,0.000,0.0
25/2/2007,20:48:00,0.294,0.102,243.140,1.200,0.000,0.000,0.0
25/2/2007,20:49:00,0.294,0.104,243.520,1.200,0.000,0.000,0.0
25/2/2007,20:50:00,0.294,0.106,244.050,1.200,0.000,0.000,0.0
25/2/2007,20:51:00,0.290,0.100,242.670,1.200,0.000,0.000,0.0
25/2/2007,20:52:00,0.270,0.070,242.400,1.200,0.000,0.000,0.0
25/2/2007,20:53:00,0.294,0.070,242.330,1.400,0.000,0.000,0.0
25/2/2007,20:54:00,0.328,0.126,241.760,1.400,0.000,0.000,0.0
25/2/2007,20:55:00,0.324,0.124,241.220,1.400,0.000,0.000,0.0
25/2/2007,20:56:00,0.322,0.124,241.310,1.400,0.000,0.000,0.0
25/2/2007,20:57:00,0.322,0.126,241.520,1.400,0.000,0.000,0.0
25/2/2007,20:58:00,0.322,0.128,242.230,1.400,0.000,0.000,0.0
25/2/2007,20:59:00,0.322,0.134,243.180,1.400,0.000,0.000,0.0
25/2/2007,21:00:00,0.320,0.136,243.540,1.400,0.000,0.000,0.0
25/2/2007,21:01:00,0.320,0.134,243.180,1.400,0.000,0.000,0.0
25/2/2007,21:02:00,0.316,0.128,241.750,1.400,0.000,0.000,0.0
25/2/2007,21:03:00,0.316,0.130,242.270,1.400,0.000,0.000,0.0
25/2/2007,21:04:00,0.314,0.128,242.100,1.400,0.000,0.000,0.0
25/2/2007,21:05:00,0.314,0.132,242.800,1.400,0.000,0.000,0.0
25/2/2007,21:06:00,0.312,0.126,241.340,1.400,0.000,0.000,0.0
25/2/2007,21:07:00,0.306,0.118,242.060,1.400,0.000,0.000,0.0
25/2/2007,21:08:00,0.218,0.000,242.110,0.800,0.000,0.000,0.0
25/2/2007,21:09:00,0.214,0.000,240.350,0.800,0.000,0.000,0.0
25/2/2007,21:10:00,0.216,0.000,241.510,0.800,0.000,0.000,0.0
25/2/2007,21:11:00,0.220,0.000,242.860,0.800,0.000,0.000,0.0
25/2/2007,21:12:00,0.218,0.000,241.650,0.800,0.000,0.000,0.0
25/2/2007,21:13:00,0.216,0.000,241.240,0.800,0.000,0.000,0.0
25/2/2007,21:14:00,0.218,0.000,241.500,0.800,0.000,0.000,0.0
25/2/2007,21:15:00,0.216,0.000,241.020,0.800,0.000,0.000,0.0
25/2/2007,21:16:00,0.218,0.000,242.360,0.800,0.000,0.000,0.0
25/2/2007,21:17:00,0.220,0.000,243.480,0.800,0.000,0.000,0.0
25/2/2007,21:18:00,0.220,0.000,243.010,0.800,0.000,0.000,0.0
25/2/2007,21:19:00,0.220,0.000,243.290,0.800,0.000,0.000,0.0
25/2/2007,21:20:00,0.220,0.000,243.300,0.800,0.000,0.000,0.0
25/2/2007,21:21:00,0.260,0.000,243.210,1.200,0.000,0.000,0.0
25/2/2007,21:22:00,0.304,0.122,243.480,1.400,0.000,1.000,0.0
25/2/2007,21:23:00,0.306,0.128,244.870,1.400,0.000,1.000,0.0
25/2/2007,21:24:00,0.306,0.130,245.410,1.400,0.000,1.000,0.0
25/2/2007,21:25:00,0.308,0.130,245.290,1.400,0.000,2.000,0.0
25/2/2007,21:26:00,0.306,0.124,244.060,1.400,0.000,1.000,0.0
25/2/2007,21:27:00,0.302,0.118,242.330,1.200,0.000,2.000,0.0
25/2/2007,21:28:00,0.304,0.118,242.590,1.200,0.000,1.000,0.0
25/2/2007,21:29:00,0.302,0.114,241.380,1.200,0.000,1.000,0.0
25/2/2007,21:30:00,0.302,0.116,241.990,1.200,0.000,2.000,0.0
25/2/2007,21:31:00,0.302,0.114,241.770,1.200,0.000,1.000,0.0
25/2/2007,21:32:00,0.302,0.116,242.030,1.200,0.000,2.000,0.0
25/2/2007,21:33:00,0.300,0.112,241.190,1.200,0.000,1.000,0.0
25/2/2007,21:34:00,0.378,0.198,240.890,1.800,0.000,1.000,0.0
25/2/2007,21:35:00,0.374,0.222,241.950,1.800,0.000,2.000,0.0
25/2/2007,21:36:00,0.370,0.214,240.600,1.800,0.000,1.000,0.0
25/2/2007,21:37:00,0.370,0.216,240.850,1.800,0.000,1.000,0.0
25/2/2007,21:38:00,0.418,0.258,240.610,2.000,0.000,2.000,0.0
25/2/2007,21:39:00,0.476,0.342,239.810,2.400,0.000,1.000,0.0
25/2/2007,21:40:00,0.470,0.344,240.100,2.400,0.000,1.000,0.0
25/2/2007,21:41:00,0.466,0.344,240.180,2.400,0.000,1.000,0.0
25/2/2007,21:42:00,0.430,0.292,239.250,2.200,0.000,2.000,0.0
25/2/2007,21:43:00,0.386,0.228,237.350,1.800,0.000,1.000,0.0
25/2/2007,21:44:00,0.386,0.232,238.000,1.800,0.000,1.000,0.0
25/2/2007,21:45:00,0.384,0.230,237.910,1.800,0.000,1.000,0.0
25/2/2007,21:46:00,0.384,0.234,238.630,1.800,0.000,2.000,0.0
25/2/2007,21:47:00,0.384,0.242,240.190,1.800,0.000,1.000,0.0
25/2/2007,21:48:00,0.356,0.196,239.750,1.600,0.000,1.000,0.0
25/2/2007,21:49:00,0.310,0.118,239.810,1.400,0.000,0.000,0.0
25/2/2007,21:50:00,0.308,0.118,239.720,1.400,0.000,0.000,0.0
25/2/2007,21:51:00,0.308,0.118,239.850,1.400,0.000,0.000,0.0
25/2/2007,21:52:00,0.308,0.120,240.240,1.400,0.000,0.000,0.0
25/2/2007,21:53:00,0.240,0.000,239.590,1.000,0.000,0.000,0.0
25/2/2007,21:54:00,0.216,0.000,240.770,0.800,0.000,0.000,0.0
25/2/2007,21:55:00,0.216,0.000,241.000,0.800,0.000,0.000,0.0
25/2/2007,21:56:00,0.214,0.000,240.000,0.800,0.000,0.000,0.0
25/2/2007,21:57:00,0.216,0.000,240.420,0.800,0.000,0.000,0.0
25/2/2007,21:58:00,0.216,0.000,241.100,0.800,0.000,0.000,0.0
25/2/2007,21:59:00,0.216,0.000,240.670,0.800,0.000,0.000,0.0
25/2/2007,22:00:00,0.214,0.000,239.000,0.800,0.000,0.000,0.0
25/2/2007,22:01:00,0.214,0.000,239.730,0.800,0.000,0.000,0.0
25/2/2007,22:02:00,0.214,0.000,240.090,0.800,0.000,0.000,0.0
25/2/2007,22:03:00,0.214,0.000,239.260,0.800,0.000,0.000,0.0
25/2/2007,22:04:00,0.214,0.000,239.790,0.800,0.000,0.000,0.0
25/2/2007,22:05:00,0.216,0.000,239.930,0.800,0.000,0.000,0.0
25/2/2007,22:06:00,0.216,0.000,240.600,0.800,0.000,0.000,0.0
25/2/2007,22:07:00,0.214,0.000,239.640,0.800,0.000,0.000,0.0
25/2/2007,22:08:00,0.214,0.000,239.550,0.800,0.000,0.000,0.0
25/2/2007,22:09:00,0.214,0.000,239.580,0.800,0.000,0.000,0.0
25/2/2007,22:10:00,0.214,0.000,239.990,0.800,0.000,0.000,0.0
25/2/2007,22:11:00,0.220,0.000,242.640,0.800,0.000,0.000,0.0
25/2/2007,22:12:00,0.218,0.000,241.950,0.800,0.000,0.000,0.0
25/2/2007,22:13:00,0.218,0.000,242.030,0.800,0.000,0.000,0.0
25/2/2007,22:14:00,0.216,0.000,241.150,0.800,0.000,0.000,0.0
25/2/2007,22:15:00,0.216,0.000,240.940,0.800,0.000,0.000,0.0
25/2/2007,22:16:00,0.218,0.000,242.010,0.800,0.000,0.000,0.0
25/2/2007,22:17:00,0.216,0.000,241.140,0.800,0.000,0.000,0.0
25/2/2007,22:18:00,0.218,0.000,241.880,0.800,0.000,0.000,0.0
25/2/2007,22:19:00,0.218,0.000,241.960,0.800,0.000,0.000,0.0
25/2/2007,22:20:00,0.218,0.000,241.660,0.800,0.000,0.000,0.0
25/2/2007,22:21:00,0.220,0.000,242.910,0.800,0.000,0.000,0.0
25/2/2007,22:22:00,0.222,0.000,244.290,1.000,0.000,0.000,0.0
25/2/2007,22:23:00,0.220,0.000,243.260,0.800,0.000,0.000,0.0
25/2/2007,22:24:00,0.396,0.188,243.300,2.000,0.000,0.000,0.0
25/2/2007,22:25:00,0.406,0.236,242.840,1.800,0.000,0.000,0.0
25/2/2007,22:26:00,0.402,0.238,243.040,1.800,0.000,0.000,0.0
25/2/2007,22:27:00,0.400,0.236,242.620,1.800,0.000,0.000,0.0
25/2/2007,22:28:00,0.400,0.238,243.150,1.800,0.000,0.000,0.0
25/2/2007,22:29:00,0.396,0.236,242.830,1.800,0.000,0.000,0.0
25/2/2007,22:30:00,0.394,0.238,243.160,1.800,0.000,0.000,0.0
25/2/2007,22:31:00,0.394,0.242,243.870,1.800,0.000,0.000,0.0
25/2/2007,22:32:00,0.374,0.216,244.290,1.800,0.000,0.000,0.0
25/2/2007,22:33:00,0.320,0.136,244.190,1.400,0.000,0.000,0.0
25/2/2007,22:34:00,0.318,0.136,243.910,1.400,0.000,0.000,0.0
25/2/2007,22:35:00,0.318,0.136,244.220,1.400,0.000,0.000,0.0
25/2/2007,22:36:00,0.316,0.132,243.080,1.400,0.000,0.000,0.0
25/2/2007,22:37:00,0.314,0.130,242.430,1.400,0.000,0.000,0.0
25/2/2007,22:38:00,0.270,0.068,242.460,1.200,0.000,0.000,0.0
25/2/2007,22:39:00,0.220,0.000,242.780,0.800,0.000,0.000,0.0
25/2/2007,22:40:00,0.220,0.000,242.560,0.800,0.000,0.000,0.0
25/2/2007,22:41:00,0.220,0.000,243.300,0.800,0.000,0.000,0.0
25/2/2007,22:42:00,0.222,0.000,243.880,0.800,0.000,0.000,0.0
25/2/2007,22:43:00,0.220,0.000,243.150,0.800,0.000,0.000,0.0
25/2/2007,22:44:00,0.220,0.000,242.950,0.800,0.000,0.000,0.0
25/2/2007,22:45:00,0.220,0.000,243.400,0.800,0.000,0.000,0.0
25/2/2007,22:46:00,0.222,0.000,243.740,0.800,0.000,0.000,0.0
25/2/2007,22:47:00,0.220,0.000,242.960,0.800,0.000,0.000,0.0
25/2/2007,22:48:00,0.220,0.000,243.490,0.800,0.000,0.000,0.0
25/2/2007,22:49:00,0.220,0.000,242.590,0.800,0.000,0.000,0.0
25/2/2007,22:50:00,0.218,0.000,242.030,0.800,0.000,0.000,0.0
25/2/2007,22:51:00,0.218,0.000,241.860,0.800,0.000,0.000,0.0
25/2/2007,22:52:00,0.220,0.000,242.800,0.800,0.000,0.000,0.0
25/2/2007,22:53:00,0.220,0.000,242.770,0.800,0.000,0.000,0.0
25/2/2007,22:54:00,0.220,0.000,242.500,0.800,0.000,0.000,0.0
25/2/2007,22:55:00,0.220,0.000,243.070,0.800,0.000,0.000,0.0
25/2/2007,22:56:00,0.220,0.000,243.480,0.800,0.000,0.000,0.0
25/2/2007,22:57:00,0.222,0.000,243.470,0.800,0.000,0.000,0.0
25/2/2007,22:58:00,0.220,0.000,242.940,0.800,0.000,0.000,0.0
25/2/2007,22:59:00,0.220,0.000,242.890,0.800,0.000,0.000,0.0
25/2/2007,23:00:00,0.218,0.000,242.280,0.800,0.000,0.000,0.0
25/2/2007,23:01:00,0.218,0.000,241.630,0.800,0.000,0.000,0.0
25/2/2007,23:02:00,0.218,0.000,241.980,0.800,0.000,0.000,0.0
25/2/2007,23:03:00,0.218,0.000,241.880,0.800,0.000,0.000,0.0
25/2/2007,23:04:00,0.216,0.000,240.660,0.800,0.000,0.000,0.0
25/2/2007,23:05:00,0.220,0.000,242.470,0.800,0.000,0.000,0.0
25/2/2007,23:06:00,0.220,0.000,243.250,0.800,0.000,0.000,0.0
25/2/2007,23:07:00,0.220,0.000,243.150,0.800,0.000,0.000,0.0
25/2/2007,23:08:00,0.220,0.000,243.240,0.800,0.000,0.000,0.0
25/2/2007,23:09:00,0.274,0.048,243.900,1.200,0.000,0.000,0.0
25/2/2007,23:10:00,0.332,0.132,243.510,1.400,0.000,0.000,0.0
25/2/2007,23:11:00,0.330,0.132,243.220,1.400,0.000,0.000,0.0
25/2/2007,23:12:00,0.328,0.136,243.990,1.400,0.000,0.000,0.0
25/2/2007,23:13:00,0.326,0.134,243.710,1.400,0.000,0.000,0.0
25/2/2007,23:14:00,0.324,0.132,243.310,1.400,0.000,0.000,0.0
25/2/2007,23:15:00,0.416,0.242,243.400,2.000,0.000,0.000,0.0
25/2/2007,23:16:00,0.398,0.240,243.510,1.800,0.000,0.000,0.0
25/2/2007,23:17:00,0.396,0.238,243.410,1.800,0.000,0.000,0.0
25/2/2007,23:18:00,0.392,0.234,242.520,1.800,0.000,0.000,0.0
25/2/2007,23:19:00,0.394,0.242,243.970,1.800,0.000,0.000,0.0
25/2/2007,23:20:00,0.394,0.244,244.340,1.800,0.000,0.000,0.0
25/2/2007,23:21:00,0.390,0.238,243.440,1.800,0.000,0.000,0.0
25/2/2007,23:22:00,0.388,0.234,242.730,1.800,0.000,0.000,0.0
25/2/2007,23:23:00,0.364,0.202,243.420,1.800,0.000,0.000,0.0
25/2/2007,23:24:00,0.222,0.000,243.500,0.800,0.000,0.000,0.0
25/2/2007,23:25:00,0.222,0.000,243.510,0.800,0.000,0.000,0.0
25/2/2007,23:26:00,0.222,0.000,244.240,1.000,0.000,0.000,0.0
25/2/2007,23:27:00,0.222,0.000,244.540,1.000,0.000,0.000,0.0
25/2/2007,23:28:00,0.222,0.000,244.270,1.000,0.000,0.000,0.0
25/2/2007,23:29:00,0.222,0.000,244.540,1.000,0.000,0.000,0.0
25/2/2007,23:30:00,0.224,0.000,245.120,1.000,0.000,0.000,0.0
25/2/2007,23:31:00,0.222,0.000,244.160,1.000,0.000,0.000,0.0
25/2/2007,23:32:00,0.224,0.000,244.610,1.000,0.000,0.000,0.0
25/2/2007,23:33:00,0.222,0.000,244.230,1.000,0.000,0.000,0.0
25/2/2007,23:34:00,0.222,0.000,244.020,1.000,0.000,0.000,0.0
25/2/2007,23:35:00,0.222,0.000,244.130,1.000,0.000,0.000,0.0
25/2/2007,23:36:00,0.224,0.000,244.760,1.000,0.000,0.000,0.0
25/2/2007,23:37:00,0.222,0.000,244.550,1.000,0.000,0.000,0.0
25/2/2007,23:38:00,0.220,0.000,243.470,0.800,0.000,0.000,0.0
25/2/2007,23:39:00,0.222,0.000,244.390,1.000,0.000,0.000,0.0
25/2/2007,23:40:00,0.222,0.000,243.970,0.800,0.000,0.000,0.0
25/2/2007,23:41:00,0.220,0.000,242.870,0.800,0.000,0.000,0.0
25/2/2007,23:42:00,0.220,0.000,242.830,0.800,0.000,0.000,0.0
25/2/2007,23:43:00,0.220,0.000,242.770,0.800,0.000,0.000,0.0
25/2/2007,23:44:00,0.220,0.000,243.480,0.800,0.000,0.000,0.0
25/2/2007,23:45:00,0.220,0.000,243.330,0.800,0.000,0.000,0.0
25/2/2007,23:46:00,0.222,0.000,244.480,1.000,0.000,0.000,0.0
25/2/2007,23:47:00,0.222,0.000,244.410,1.000,0.000,0.000,0.0
25/2/2007,23:48:00,0.222,0.000,244.270,1.000,0.000,0.000,0.0
25/2/2007,23:49:00,0.224,0.000,244.990,1.000,0.000,0.000,0.0
25/2/2007,23:50:00,0.224,0.000,245.300,1.000,0.000,0.000,0.0
25/2/2007,23:51:00,0.224,0.000,244.950,1.000,0.000,0.000,0.0
25/2/2007,23:52:00,0.332,0.130,245.280,1.600,0.000,0.000,0.0
25/2/2007,23:53:00,0.318,0.132,246.210,1.400,0.000,1.000,0.0
25/2/2007,23:54:00,0.354,0.164,245.700,1.600,0.000,2.000,0.0
25/2/2007,23:55:00,0.426,0.268,245.120,2.000,0.000,1.000,0.0
25/2/2007,23:56:00,0.420,0.276,246.610,2.000,0.000,1.000,0.0
25/2/2007,23:57:00,0.420,0.278,246.640,2.000,0.000,2.000,0.0
25/2/2007,23:58:00,0.416,0.274,246.120,2.000,0.000,1.000,0.0
25/2/2007,23:59:00,0.414,0.274,245.820,2.000,0.000,2.000,0.0
26/2/2007,00:00:00,0.414,0.278,246.480,2.000,0.000,1.000,0.0
26/2/2007,00:01:00,0.410,0.272,245.270,2.000,0.000,2.000,0.0
26/2/2007,00:02:00,0.404,0.260,243.430,2.000,0.000,1.000,0.0
26/2/2007,00:03:00,0.404,0.264,244.090,2.000,0.000,1.000,0.0
26/2/2007,00:04:00,0.402,0.264,244.200,2.000,0.000,2.000,0.0
26/2/2007,00:05:00,0.400,0.260,243.460,1.800,0.000,1.000,0.0
26/2/2007,00:06:00,0.446,0.302,243.480,2.200,0.000,1.000,0.0
26/2/2007,00:07:00,0.478,0.368,243.840,2.400,0.000,2.000,0.0
26/2/2007,00:08:00,0.474,0.364,243.980,2.400,0.000,1.000,0.0
26/2/2007,00:09:00,0.382,0.230,243.920,1.800,0.000,1.000,0.0
26/2/2007,00:10:00,0.382,0.234,244.710,1.800,0.000,2.000,0.0
26/2/2007,00:11:00,0.380,0.234,244.850,1.800,0.000,1.000,0.0
26/2/2007,00:12:00,0.374,0.224,242.940,1.800,0.000,1.000,0.0
26/2/2007,00:13:00,0.364,0.222,242.830,1.800,0.000,1.000,0.0
26/2/2007,00:14:00,0.360,0.216,242.730,1.600,0.000,2.000,0.0
26/2/2007,00:15:00,0.292,0.114,242.310,1.200,0.000,1.000,0.0
26/2/2007,00:16:00,0.292,0.114,242.330,1.200,0.000,1.000,0.0
26/2/2007,00:17:00,0.292,0.114,242.480,1.200,0.000,1.000,0.0
26/2/2007,00:18:00,0.276,0.088,243.050,1.200,0.000,1.000,0.0
26/2/2007,00:19:00,0.218,0.000,242.590,0.800,0.000,0.000,0.0
26/2/2007,00:20:00,0.220,0.000,243.580,0.800,0.000,0.000,0.0
26/2/2007,00:21:00,0.220,0.000,243.870,0.800,0.000,0.000,0.0
26/2/2007,00:22:00,0.228,0.000,243.850,1.000,0.000,0.000,0.0
26/2/2007,00:23:00,0.230,0.000,244.500,1.000,0.000,0.000,0.0
26/2/2007,00:24:00,0.230,0.000,245.180,1.000,0.000,0.000,0.0
26/2/2007,00:25:00,0.230,0.000,245.030,1.000,0.000,0.000,0.0
26/2/2007,00:26:00,0.228,0.000,244.210,1.000,0.000,0.000,0.0
26/2/2007,00:27:00,0.228,0.000,244.020,1.000,0.000,0.000,0.0
26/2/2007,00:28:00,0.226,0.000,243.490,1.000,0.000,0.000,0.0
26/2/2007,00:29:00,0.220,0.000,242.670,0.800,0.000,0.000,0.0
26/2/2007,00:30:00,0.218,0.000,243.160,0.800,0.000,0.000,0.0
26/2/2007,00:31:00,0.220,0.000,243.860,0.800,0.000,0.000,0.0
26/2/2007,00:32:00,0.220,0.000,243.620,0.800,0.000,0.000,0.0
26/2/2007,00:33:00,0.220,0.000,243.390,0.800,0.000,0.000,0.0
26/2/2007,00:34:00,0.220,0.000,244.150,0.800,0.000,0.000,0.0
26/2/2007,00:35:00,0.220,0.000,243.620,0.800,0.000,0.000,0.0
26/2/2007,00:36:00,0.218,0.000,242.660,0.800,0.000,0.000,0.0
26/2/2007,00:37:00,0.226,0.000,243.250,1.000,0.000,0.000,0.0
26/2/2007,00:38:00,0.228,0.000,243.580,1.000,0.000,0.000,0.0
26/2/2007,00:39:00,0.254,0.000,243.100,1.200,0.000,0.000,0.0
26/2/2007,00:40:00,0.338,0.132,243.380,1.400,0.000,0.000,0.0
26/2/2007,00:41:00,0.334,0.128,242.340,1.400,0.000,0.000,0.0
26/2/2007,00:42:00,0.322,0.116,239.610,1.400,0.000,0.000,0.0
26/2/2007,00:43:00,0.318,0.116,239.720,1.400,0.000,0.000,0.0
26/2/2007,00:44:00,0.316,0.118,240.100,1.400,0.000,0.000,0.0
26/2/2007,00:45:00,0.316,0.118,240.150,1.400,0.000,0.000,0.0
26/2/2007,00:46:00,0.906,0.108,238.880,4.400,0.000,0.000,8.0
26/2/2007,00:47:00,1.408,0.104,239.160,5.800,0.000,0.000,18.0
26/2/2007,00:48:00,1.398,0.106,239.620,5.800,0.000,0.000,19.0
26/2/2007,00:49:00,1.386,0.106,239.740,5.800,0.000,0.000,17.0
26/2/2007,00:50:00,1.382,0.108,240.090,5.600,0.000,0.000,18.0
26/2/2007,00:51:00,1.372,0.106,239.410,5.600,0.000,0.000,18.0
26/2/2007,00:52:00,1.368,0.102,238.580,5.600,0.000,0.000,18.0
26/2/2007,00:53:00,1.370,0.104,239.030,5.600,0.000,0.000,17.0
26/2/2007,00:54:00,1.296,0.000,239.540,5.400,0.000,0.000,18.0
26/2/2007,00:55:00,1.282,0.000,239.520,5.200,0.000,0.000,17.0
26/2/2007,00:56:00,1.270,0.000,238.610,5.200,0.000,0.000,18.0
26/2/2007,00:57:00,1.326,0.000,238.690,5.600,0.000,0.000,17.0
26/2/2007,00:58:00,1.332,0.072,238.200,5.600,0.000,0.000,18.0
26/2/2007,00:59:00,1.326,0.072,237.530,5.600,0.000,0.000,17.0
26/2/2007,01:00:00,1.330,0.074,238.100,5.600,0.000,0.000,17.0
26/2/2007,01:01:00,1.340,0.076,239.000,5.600,0.000,0.000,18.0
26/2/2007,01:02:00,1.334,0.074,238.580,5.600,0.000,0.000,17.0
26/2/2007,01:03:00,1.330,0.074,238.280,5.600,0.000,0.000,18.0
26/2/2007,01:04:00,1.338,0.076,239.050,5.600,0.000,0.000,17.0
26/2/2007,01:05:00,1.338,0.076,239.310,5.600,0.000,0.000,18.0
26/2/2007,01:06:00,1.254,0.000,237.860,5.200,0.000,0.000,17.0
26/2/2007,01:07:00,1.272,0.000,238.790,5.200,0.000,0.000,18.0
26/2/2007,01:08:00,1.278,0.000,239.450,5.200,0.000,0.000,17.0
26/2/2007,01:09:00,1.268,0.000,238.830,5.200,0.000,0.000,18.0
26/2/2007,01:10:00,1.270,0.000,239.360,5.200,0.000,0.000,18.0
26/2/2007,01:11:00,1.274,0.000,239.740,5.200,0.000,0.000,17.0
26/2/2007,01:12:00,1.266,0.000,239.050,5.200,0.000,0.000,18.0
26/2/2007,01:13:00,1.280,0.000,240.300,5.200,0.000,0.000,17.0
26/2/2007,01:14:00,1.288,0.000,241.130,5.200,0.000,0.000,18.0
26/2/2007,01:15:00,1.280,0.000,240.390,5.200,0.000,0.000,18.0
26/2/2007,01:16:00,1.270,0.000,239.400,5.200,0.000,0.000,17.0
26/2/2007,01:17:00,1.278,0.000,240.110,5.200,0.000,0.000,18.0
26/2/2007,01:18:00,1.276,0.000,239.960,5.200,0.000,0.000,18.0
26/2/2007,01:19:00,1.270,0.000,239.420,5.200,0.000,0.000,17.0
26/2/2007,01:20:00,1.278,0.000,240.040,5.200,0.000,0.000,18.0
26/2/2007,01:21:00,1.274,0.000,239.780,5.200,0.000,0.000,18.0
26/2/2007,01:22:00,1.268,0.000,239.250,5.200,0.000,0.000,17.0
26/2/2007,01:23:00,1.264,0.000,238.740,5.200,0.000,0.000,18.0
26/2/2007,01:24:00,1.270,0.000,239.230,5.200,0.000,0.000,17.0
26/2/2007,01:25:00,1.392,0.104,239.440,5.800,0.000,0.000,18.0
26/2/2007,01:26:00,1.372,0.104,238.750,5.600,0.000,0.000,17.0
26/2/2007,01:27:00,1.370,0.104,238.940,5.600,0.000,0.000,18.0
26/2/2007,01:28:00,1.370,0.104,239.000,5.600,0.000,0.000,17.0
26/2/2007,01:29:00,1.360,0.102,238.220,5.600,0.000,0.000,18.0
26/2/2007,01:30:00,1.364,0.104,238.800,5.600,0.000,0.000,17.0
26/2/2007,01:31:00,1.368,0.106,239.200,5.600,0.000,0.000,18.0
26/2/2007,01:32:00,1.364,0.106,239.030,5.600,0.000,0.000,17.0
26/2/2007,01:33:00,1.360,0.104,238.630,5.600,0.000,0.000,18.0
26/2/2007,01:34:00,1.366,0.106,239.360,5.600,0.000,0.000,17.0
26/2/2007,01:35:00,1.370,0.108,239.890,5.600,0.000,0.000,18.0
26/2/2007,01:36:00,1.364,0.106,239.360,5.600,0.000,0.000,18.0
26/2/2007,01:37:00,1.376,0.112,240.670,5.600,0.000,0.000,17.0
26/2/2007,01:38:00,1.372,0.110,240.280,5.600,0.000,0.000,18.0
26/2/2007,01:39:00,0.534,0.046,239.410,3.000,0.000,0.000,6.0
26/2/2007,01:40:00,0.214,0.000,239.980,0.800,0.000,0.000,0.0
26/2/2007,01:41:00,0.214,0.000,240.790,0.800,0.000,0.000,0.0
26/2/2007,01:42:00,0.216,0.000,241.160,0.800,0.000,0.000,0.0
26/2/2007,01:43:00,0.214,0.000,240.220,0.800,0.000,0.000,0.0
26/2/2007,01:44:00,0.214,0.000,240.550,0.800,0.000,0.000,0.0
26/2/2007,01:45:00,0.216,0.000,240.680,0.800,0.000,0.000,0.0
26/2/2007,01:46:00,0.214,0.000,240.600,0.800,0.000,0.000,0.0
26/2/2007,01:47:00,0.216,0.000,240.740,0.800,0.000,0.000,0.0
26/2/2007,01:48:00,0.276,0.050,240.900,1.400,0.000,0.000,0.0
26/2/2007,01:49:00,0.290,0.092,240.710,1.200,0.000,0.000,0.0
26/2/2007,01:50:00,0.290,0.090,240.230,1.200,0.000,0.000,0.0
26/2/2007,01:51:00,0.290,0.090,240.290,1.200,0.000,0.000,0.0
26/2/2007,01:52:00,0.292,0.094,241.210,1.200,0.000,0.000,0.0
26/2/2007,01:53:00,0.288,0.090,240.220,1.200,0.000,0.000,0.0
26/2/2007,01:54:00,0.288,0.090,240.190,1.200,0.000,0.000,0.0
26/2/2007,01:55:00,0.288,0.094,240.960,1.200,0.000,0.000,0.0
26/2/2007,01:56:00,0.286,0.094,241.490,1.200,0.000,0.000,0.0
26/2/2007,01:57:00,0.216,0.000,241.140,0.800,0.000,0.000,0.0
26/2/2007,01:58:00,0.216,0.000,241.530,0.800,0.000,0.000,0.0
26/2/2007,01:59:00,0.216,0.000,241.120,0.800,0.000,0.000,0.0
26/2/2007,02:00:00,0.216,0.000,240.910,0.800,0.000,0.000,0.0
26/2/2007,02:01:00,0.220,0.000,243.910,0.800,0.000,0.000,0.0
26/2/2007,02:02:00,0.222,0.000,244.040,0.800,0.000,0.000,0.0
26/2/2007,02:03:00,0.218,0.000,242.650,0.800,0.000,0.000,0.0
26/2/2007,02:04:00,0.218,0.000,242.410,0.800,0.000,0.000,0.0
26/2/2007,02:05:00,0.218,0.000,242.060,0.800,0.000,0.000,0.0
26/2/2007,02:06:00,0.218,0.000,242.330,0.800,0.000,0.000,0.0
26/2/2007,02:07:00,0.218,0.000,242.140,0.800,0.000,0.000,0.0
26/2/2007,02:08:00,0.220,0.000,243.110,0.800,0.000,0.000,0.0
26/2/2007,02:09:00,0.220,0.000,243.080,0.800,0.000,0.000,0.0
26/2/2007,02:10:00,0.320,0.100,242.080,1.400,0.000,0.000,0.0
26/2/2007,02:11:00,0.330,0.128,242.590,1.400,0.000,0.000,0.0
26/2/2007,02:12:00,0.328,0.134,243.550,1.400,0.000,0.000,0.0
26/2/2007,02:13:00,0.326,0.130,242.940,1.400,0.000,0.000,0.0
26/2/2007,02:14:00,0.324,0.130,242.770,1.400,0.000,0.000,0.0
26/2/2007,02:15:00,0.324,0.134,243.760,1.400,0.000,0.000,0.0
26/2/2007,02:16:00,0.322,0.134,243.910,1.400,0.000,0.000,0.0
26/2/2007,02:17:00,0.320,0.130,242.880,1.400,0.000,0.000,0.0
26/2/2007,02:18:00,0.318,0.126,242.150,1.400,0.000,0.000,0.0
26/2/2007,02:19:00,0.316,0.128,242.360,1.400,0.000,0.000,0.0
26/2/2007,02:20:00,0.316,0.128,242.470,1.400,0.000,0.000,0.0
26/2/2007,02:21:00,0.316,0.130,242.620,1.400,0.000,0.000,0.0
26/2/2007,02:22:00,0.364,0.182,242.380,1.800,0.000,0.000,0.0
26/2/2007,02:23:00,0.396,0.252,242.170,1.800,0.000,1.000,0.0
26/2/2007,02:24:00,0.362,0.200,241.070,1.600,0.000,1.000,0.0
26/2/2007,02:25:00,0.302,0.118,242.680,1.200,0.000,2.000,0.0
26/2/2007,02:26:00,0.302,0.116,242.210,1.200,0.000,1.000,0.0
26/2/2007,02:27:00,0.300,0.110,240.780,1.200,0.000,2.000,0.0
26/2/2007,02:28:00,0.300,0.110,241.150,1.200,0.000,1.000,0.0
26/2/2007,02:29:00,0.300,0.110,241.150,1.200,0.000,1.000,0.0
26/2/2007,02:30:00,0.300,0.108,240.630,1.200,0.000,2.000,0.0
26/2/2007,02:31:00,0.300,0.110,240.790,1.200,0.000,1.000,0.0
26/2/2007,02:32:00,0.300,0.112,241.340,1.200,0.000,2.000,0.0
26/2/2007,02:33:00,0.300,0.112,241.200,1.200,0.000,1.000,0.0
26/2/2007,02:34:00,0.298,0.110,240.890,1.200,0.000,1.000,0.0
26/2/2007,02:35:00,0.300,0.112,241.560,1.200,0.000,2.000,0.0
26/2/2007,02:36:00,0.300,0.114,241.890,1.200,0.000,1.000,0.0
26/2/2007,02:37:00,0.298,0.112,241.780,1.200,0.000,1.000,0.0
26/2/2007,02:38:00,0.376,0.204,242.650,1.800,0.000,2.000,0.0
26/2/2007,02:39:00,0.372,0.224,242.710,1.800,0.000,1.000,0.0
26/2/2007,02:40:00,0.370,0.220,241.870,1.800,0.000,1.000,0.0
26/2/2007,02:41:00,0.370,0.218,241.650,1.800,0.000,2.000,0.0
26/2/2007,02:42:00,0.368,0.216,241.520,1.800,0.000,1.000,0.0
26/2/2007,02:43:00,0.364,0.214,240.880,1.600,0.000,1.000,0.0
26/2/2007,02:44:00,0.364,0.216,241.470,1.600,0.000,1.000,0.0
26/2/2007,02:45:00,0.362,0.218,242.010,1.600,0.000,2.000,0.0
26/2/2007,02:46:00,0.330,0.172,241.740,1.600,0.000,1.000,0.0
26/2/2007,02:47:00,0.288,0.108,240.400,1.200,0.000,1.000,0.0
26/2/2007,02:48:00,0.290,0.112,241.570,1.200,0.000,1.000,0.0
26/2/2007,02:49:00,0.244,0.000,242.370,1.000,0.000,1.000,0.0
26/2/2007,02:50:00,0.218,0.000,242.560,0.800,0.000,0.000,0.0
26/2/2007,02:51:00,0.218,0.000,242.170,0.800,0.000,0.000,0.0
26/2/2007,02:52:00,0.220,0.000,242.830,0.800,0.000,0.000,0.0
26/2/2007,02:53:00,0.218,0.000,242.390,0.800,0.000,0.000,0.0
26/2/2007,02:54:00,0.218,0.000,241.510,0.800,0.000,0.000,0.0
26/2/2007,02:55:00,0.218,0.000,241.880,0.800,0.000,0.000,0.0
26/2/2007,02:56:00,0.338,0.120,241.790,1.600,0.000,0.000,0.0
26/2/2007,02:57:00,0.328,0.124,241.390,1.400,0.000,0.000,0.0
26/2/2007,02:58:00,0.324,0.124,241.160,1.400,0.000,0.000,0.0
26/2/2007,02:59:00,0.322,0.122,240.920,1.400,0.000,0.000,0.0
26/2/2007,03:00:00,0.320,0.122,240.850,1.400,0.000,0.000,0.0
26/2/2007,03:01:00,0.316,0.118,239.930,1.400,0.000,0.000,0.0
26/2/2007,03:02:00,0.316,0.118,239.970,1.400,0.000,0.000,0.0
26/2/2007,03:03:00,0.314,0.118,240.120,1.400,0.000,0.000,0.0
26/2/2007,03:04:00,0.312,0.118,239.760,1.400,0.000,0.000,0.0
26/2/2007,03:05:00,0.312,0.118,240.180,1.400,0.000,0.000,0.0
26/2/2007,03:06:00,0.314,0.124,241.320,1.400,0.000,0.000,0.0
26/2/2007,03:07:00,0.314,0.126,242.010,1.400,0.000,0.000,0.0
26/2/2007,03:08:00,0.312,0.124,241.690,1.400,0.000,0.000,0.0
26/2/2007,03:09:00,0.314,0.126,242.290,1.400,0.000,0.000,0.0
26/2/2007,03:10:00,0.244,0.000,242.570,1.000,0.000,0.000,0.0
26/2/2007,03:11:00,0.218,0.000,242.440,0.800,0.000,0.000,0.0
26/2/2007,03:12:00,0.218,0.000,242.100,0.800,0.000,0.000,0.0
26/2/2007,03:13:00,0.218,0.000,241.740,0.800,0.000,0.000,0.0
26/2/2007,03:14:00,0.218,0.000,241.630,0.800,0.000,0.000,0.0
26/2/2007,03:15:00,0.216,0.000,241.100,0.800,0.000,0.000,0.0
26/2/2007,03:16:00,0.218,0.000,241.670,0.800,0.000,0.000,0.0
26/2/2007,03:17:00,0.218,0.000,241.630,0.800,0.000,0.000,0.0
26/2/2007,03:18:00,0.218,0.000,241.660,0.800,0.000,0.000,0.0
26/2/2007,03:19:00,0.218,0.000,241.900,0.800,0.000,0.000,0.0
26/2/2007,03:20:00,0.216,0.000,240.400,0.800,0.000,0.000,0.0
26/2/2007,03:21:00,0.214,0.000,240.020,0.800,0.000,0.000,0.0
26/2/2007,03:22:00,0.216,0.000,240.810,0.800,0.000,0.000,0.0
26/2/2007,03:23:00,0.218,0.000,241.190,0.800,0.000,0.000,0.0
26/2/2007,03:24:00,0.216,0.000,240.510,0.800,0.000,0.000,0.0
26/2/2007,03:25:00,0.216,0.000,240.180,0.800,0.000,0.000,0.0
26/2/2007,03:26:00,0.218,0.000,241.360,0.800,0.000,0.000,0.0
26/2/2007,03:27:00,0.216,0.000,240.870,0.800,0.000,0.000,0.0
26/2/2007,03:28:00,0.280,0.052,240.020,1.400,0.000,0.000,0.0
26/2/2007,03:29:00,0.290,0.092,240.520,1.200,0.000,0.000,0.0
26/2/2007,03:30:00,0.290,0.092,240.470,1.200,0.000,0.000,0.0
26/2/2007,03:31:00,0.290,0.090,240.450,1.200,0.000,0.000,0.0
26/2/2007,03:32:00,0.290,0.090,240.320,1.200,0.000,0.000,0.0
26/2/2007,03:33:00,0.292,0.098,242.400,1.200,0.000,0.000,0.0
26/2/2007,03:34:00,0.294,0.102,243.060,1.200,0.000,0.000,0.0
26/2/2007,03:35:00,0.290,0.096,241.980,1.200,0.000,0.000,0.0
26/2/2007,03:36:00,0.272,0.070,242.600,1.200,0.000,0.000,0.0
26/2/2007,03:37:00,0.218,0.000,241.970,0.800,0.000,0.000,0.0
26/2/2007,03:38:00,0.218,0.000,241.550,0.800,0.000,0.000,0.0
26/2/2007,03:39:00,0.218,0.000,241.160,0.800,0.000,0.000,0.0
26/2/2007,03:40:00,0.216,0.000,240.670,0.800,0.000,0.000,0.0
26/2/2007,03:41:00,0.288,0.060,240.410,1.400,0.000,0.000,0.0
26/2/2007,03:42:00,0.328,0.120,240.450,1.400,0.000,0.000,0.0
26/2/2007,03:43:00,0.324,0.124,241.390,1.400,0.000,0.000,0.0
26/2/2007,03:44:00,0.324,0.122,241.420,1.400,0.000,0.000,0.0
26/2/2007,03:45:00,0.320,0.122,240.860,1.400,0.000,0.000,0.0
26/2/2007,03:46:00,0.318,0.120,240.530,1.400,0.000,0.000,0.0
26/2/2007,03:47:00,0.318,0.120,240.710,1.400,0.000,0.000,0.0
26/2/2007,03:48:00,0.318,0.124,241.540,1.400,0.000,0.000,0.0
26/2/2007,03:49:00,0.316,0.120,240.740,1.400,0.000,0.000,0.0
26/2/2007,03:50:00,0.314,0.122,241.030,1.400,0.000,0.000,0.0
26/2/2007,03:51:00,0.314,0.122,241.000,1.400,0.000,0.000,0.0
26/2/2007,03:52:00,0.312,0.118,240.350,1.400,0.000,0.000,0.0
26/2/2007,03:53:00,0.310,0.118,240.340,1.400,0.000,0.000,0.0
26/2/2007,03:54:00,0.310,0.120,240.460,1.400,0.000,0.000,0.0
26/2/2007,03:55:00,0.294,0.098,240.420,1.200,0.000,0.000,0.0
26/2/2007,03:56:00,0.216,0.000,241.000,0.800,0.000,0.000,0.0
26/2/2007,03:57:00,0.218,0.000,241.480,0.800,0.000,0.000,0.0
26/2/2007,03:58:00,0.216,0.000,240.820,0.800,0.000,0.000,0.0
26/2/2007,03:59:00,0.218,0.000,241.740,0.800,0.000,0.000,0.0
26/2/2007,04:00:00,0.220,0.000,242.560,0.800,0.000,0.000,0.0
26/2/2007,04:01:00,0.220,0.000,242.720,1.000,0.000,0.000,0.0
26/2/2007,04:02:00,0.218,0.000,241.660,0.800,0.000,0.000,0.0
26/2/2007,04:03:00,0.218,0.000,241.110,0.800,0.000,0.000,0.0
26/2/2007,04:04:00,0.216,0.000,240.300,0.800,0.000,0.000,0.0
26/2/2007,04:05:00,0.216,0.000,240.450,0.800,0.000,0.000,0.0
26/2/2007,04:06:00,0.216,0.000,240.440,0.800,0.000,0.000,0.0
26/2/2007,04:07:00,0.218,0.000,241.030,0.800,0.000,0.000,0.0
26/2/2007,04:08:00,0.216,0.000,240.450,0.800,0.000,0.000,0.0
26/2/2007,04:09:00,0.216,0.000,239.690,0.800,0.000,0.000,0.0
26/2/2007,04:10:00,0.216,0.000,240.160,0.800,0.000,0.000,0.0
26/2/2007,04:11:00,0.218,0.000,240.800,0.800,0.000,0.000,0.0
26/2/2007,04:12:00,0.216,0.000,240.440,0.800,0.000,0.000,0.0
26/2/2007,04:13:00,0.216,0.000,240.190,0.800,0.000,0.000,0.0
26/2/2007,04:14:00,0.216,0.000,239.610,0.800,0.000,0.000,0.0
26/2/2007,04:15:00,0.216,0.000,239.800,0.800,0.000,0.000,0.0
26/2/2007,04:16:00,0.216,0.000,240.100,0.800,0.000,0.000,0.0
26/2/2007,04:17:00,0.216,0.000,240.900,0.800,0.000,0.000,0.0
26/2/2007,04:18:00,0.258,0.000,240.860,1.200,0.000,0.000,0.0
26/2/2007,04:19:00,0.290,0.092,240.530,1.200,0.000,0.000,0.0
26/2/2007,04:20:00,0.292,0.092,240.880,1.200,0.000,0.000,0.0
26/2/2007,04:21:00,0.290,0.090,240.000,1.200,0.000,0.000,0.0
26/2/2007,04:22:00,0.288,0.086,238.790,1.200,0.000,0.000,0.0
26/2/2007,04:23:00,0.288,0.088,239.400,1.200,0.000,0.000,0.0
26/2/2007,04:24:00,0.288,0.088,239.920,1.200,0.000,0.000,0.0
26/2/2007,04:25:00,0.288,0.090,239.960,1.200,0.000,0.000,0.0
26/2/2007,04:26:00,0.296,0.090,240.370,1.200,0.000,0.000,0.0
26/2/2007,04:27:00,0.310,0.060,240.080,1.400,0.000,0.000,0.0
26/2/2007,04:28:00,0.346,0.116,239.470,1.600,0.000,0.000,0.0
26/2/2007,04:29:00,0.322,0.116,239.610,1.400,0.000,0.000,0.0
26/2/2007,04:30:00,0.322,0.120,240.530,1.400,0.000,0.000,0.0
26/2/2007,04:31:00,0.318,0.116,239.330,1.400,0.000,0.000,0.0
26/2/2007,04:32:00,0.316,0.114,238.830,1.400,0.000,0.000,0.0
26/2/2007,04:33:00,0.316,0.118,240.200,1.400,0.000,0.000,0.0
26/2/2007,04:34:00,0.316,0.120,240.390,1.400,0.000,0.000,0.0
26/2/2007,04:35:00,0.312,0.116,239.320,1.400,0.000,0.000,0.0
26/2/2007,04:36:00,0.314,0.120,240.290,1.400,0.000,0.000,0.0
26/2/2007,04:37:00,0.314,0.122,240.730,1.400,0.000,0.000,0.0
26/2/2007,04:38:00,0.314,0.120,240.050,1.400,0.000,0.000,0.0
26/2/2007,04:39:00,0.316,0.118,239.690,1.400,0.000,0.000,0.0
26/2/2007,04:40:00,0.318,0.124,241.020,1.400,0.000,0.000,0.0
26/2/2007,04:41:00,0.306,0.116,240.890,1.400,0.000,0.000,0.0
26/2/2007,04:42:00,0.214,0.000,239.550,0.800,0.000,0.000,0.0
26/2/2007,04:43:00,0.214,0.000,240.020,0.800,0.000,0.000,0.0
26/2/2007,04:44:00,0.216,0.000,240.260,0.800,0.000,0.000,0.0
26/2/2007,04:45:00,0.214,0.000,239.200,0.800,0.000,0.000,0.0
26/2/2007,04:46:00,0.216,0.000,240.450,0.800,0.000,0.000,0.0
26/2/2007,04:47:00,0.214,0.000,239.950,0.800,0.000,0.000,0.0
26/2/2007,04:48:00,0.214,0.000,239.450,0.800,0.000,0.000,0.0
26/2/2007,04:49:00,0.214,0.000,239.790,0.800,0.000,0.000,0.0
26/2/2007,04:50:00,0.216,0.000,240.060,0.800,0.000,0.000,0.0
26/2/2007,04:51:00,0.216,0.000,240.280,0.800,0.000,0.000,0.0
26/2/2007,04:52:00,0.216,0.000,240.690,0.800,0.000,0.000,0.0
26/2/2007,04:53:00,0.290,0.068,241.390,1.400,0.000,0.000,0.0
26/2/2007,04:54:00,0.308,0.110,240.640,1.400,0.000,1.000,0.0
26/2/2007,04:55:00,0.304,0.106,239.500,1.200,0.000,1.000,0.0
26/2/2007,04:56:00,0.304,0.106,239.700,1.200,0.000,2.000,0.0
26/2/2007,04:57:00,0.304,0.106,239.420,1.200,0.000,1.000,0.0
26/2/2007,04:58:00,0.300,0.104,239.380,1.200,0.000,1.000,0.0
26/2/2007,04:59:00,0.298,0.106,239.660,1.200,0.000,2.000,0.0
26/2/2007,05:00:00,0.298,0.106,239.960,1.200,0.000,1.000,0.0
26/2/2007,05:01:00,0.300,0.108,240.560,1.200,0.000,2.000,0.0
26/2/2007,05:02:00,0.298,0.106,240.120,1.200,0.000,1.000,0.0
26/2/2007,05:03:00,0.298,0.108,240.570,1.200,0.000,1.000,0.0
26/2/2007,05:04:00,0.298,0.106,240.090,1.200,0.000,2.000,0.0
26/2/2007,05:05:00,0.294,0.102,238.850,1.200,0.000,1.000,0.0
26/2/2007,05:06:00,0.296,0.104,239.840,1.200,0.000,2.000,0.0
26/2/2007,05:07:00,0.296,0.106,239.910,1.200,0.000,1.000,0.0
26/2/2007,05:08:00,0.298,0.104,239.340,1.200,0.000,1.000,0.0
26/2/2007,05:09:00,0.362,0.168,239.510,1.800,0.000,2.000,0.0
26/2/2007,05:10:00,0.370,0.210,239.870,1.800,0.000,1.000,0.0
26/2/2007,05:11:00,0.370,0.208,239.430,1.800,0.000,1.000,0.0
26/2/2007,05:12:00,0.370,0.208,239.450,1.800,0.000,1.000,0.0
26/2/2007,05:13:00,0.470,0.318,240.130,2.400,0.000,2.000,0.0
26/2/2007,05:14:00,0.480,0.350,241.020,2.400,0.000,1.000,0.0
26/2/2007,05:15:00,0.466,0.346,240.480,2.400,0.000,1.000,0.0
26/2/2007,05:16:00,0.464,0.348,240.820,2.400,0.000,1.000,0.0
26/2/2007,05:17:00,0.442,0.316,240.220,2.200,0.000,2.000,0.0
26/2/2007,05:18:00,0.388,0.238,240.000,1.800,0.000,1.000,0.0
26/2/2007,05:19:00,0.382,0.228,239.550,1.800,0.000,1.000,0.0
26/2/2007,05:20:00,0.312,0.114,239.110,1.400,0.000,0.000,0.0
26/2/2007,05:21:00,0.310,0.114,239.160,1.400,0.000,0.000,0.0
26/2/2007,05:22:00,0.310,0.112,238.840,1.400,0.000,0.000,0.0
26/2/2007,05:23:00,0.312,0.112,238.700,1.400,0.000,0.000,0.0
26/2/2007,05:24:00,0.314,0.112,238.600,1.400,0.000,0.000,0.0
26/2/2007,05:25:00,0.314,0.116,239.400,1.400,0.000,0.000,0.0
26/2/2007,05:26:00,0.318,0.126,241.710,1.400,0.000,0.000,0.0
26/2/2007,05:27:00,0.272,0.060,241.650,1.200,0.000,0.000,0.0
26/2/2007,05:28:00,0.222,0.000,240.340,1.000,0.000,0.000,0.0
26/2/2007,05:29:00,0.220,0.000,240.410,1.000,0.000,0.000,0.0
26/2/2007,05:30:00,0.214,0.000,240.590,0.800,0.000,0.000,0.0
26/2/2007,05:31:00,0.214,0.000,240.790,0.800,0.000,0.000,0.0
26/2/2007,05:32:00,0.214,0.000,240.310,0.800,0.000,0.000,0.0
26/2/2007,05:33:00,0.214,0.000,240.220,0.800,0.000,0.000,0.0
26/2/2007,05:34:00,0.212,0.000,239.230,0.800,0.000,0.000,0.0
26/2/2007,05:35:00,0.210,0.000,237.860,0.800,0.000,0.000,0.0
26/2/2007,05:36:00,0.210,0.000,237.400,0.800,0.000,0.000,0.0
26/2/2007,05:37:00,0.210,0.000,237.480,0.800,0.000,0.000,0.0
26/2/2007,05:38:00,0.212,0.000,236.930,0.800,0.000,0.000,0.0
26/2/2007,05:39:00,0.216,0.000,237.510,0.800,0.000,0.000,0.0
26/2/2007,05:40:00,0.218,0.000,238.340,0.800,0.000,0.000,0.0
26/2/2007,05:41:00,0.218,0.000,238.900,0.800,0.000,0.000,0.0
26/2/2007,05:42:00,0.218,0.000,238.720,0.800,0.000,0.000,0.0
26/2/2007,05:43:00,0.220,0.000,239.740,0.800,0.000,0.000,0.0
26/2/2007,05:44:00,0.220,0.000,239.820,0.800,0.000,0.000,0.0
26/2/2007,05:45:00,0.212,0.000,238.950,0.800,0.000,0.000,0.0
26/2/2007,05:46:00,0.212,0.000,239.540,0.800,0.000,0.000,0.0
26/2/2007,05:47:00,0.212,0.000,239.600,0.800,0.000,0.000,0.0
26/2/2007,05:48:00,0.212,0.000,239.320,0.800,0.000,0.000,0.0
26/2/2007,05:49:00,0.212,0.000,239.370,0.800,0.000,0.000,0.0
26/2/2007,05:50:00,0.214,0.000,240.030,0.800,0.000,0.000,0.0
26/2/2007,05:51:00,0.214,0.000,240.470,0.800,0.000,0.000,0.0
26/2/2007,05:52:00,0.214,0.000,239.880,0.800,0.000,0.000,0.0
26/2/2007,05:53:00,0.216,0.000,239.050,0.800,0.000,0.000,0.0
26/2/2007,05:54:00,0.218,0.000,238.940,0.800,0.000,0.000,0.0
26/2/2007,05:55:00,0.218,0.000,238.540,0.800,0.000,0.000,0.0
26/2/2007,05:56:00,0.218,0.000,239.020,0.800,0.000,0.000,0.0
26/2/2007,05:57:00,0.218,0.000,240.830,0.800,0.000,0.000,0.0
26/2/2007,05:58:00,0.238,0.000,241.230,1.200,0.000,0.000,0.0
26/2/2007,05:59:00,0.380,0.176,242.150,1.800,0.000,0.000,0.0
26/2/2007,06:00:00,0.400,0.230,241.790,1.800,0.000,0.000,0.0
26/2/2007,06:01:00,0.398,0.232,242.090,1.800,0.000,0.000,0.0
26/2/2007,06:02:00,0.396,0.228,241.520,1.800,0.000,0.000,0.0
26/2/2007,06:03:00,0.394,0.230,241.670,1.800,0.000,0.000,0.0
