Date,Time,Global_active_power,Global_reactive_power,Voltage,Global_intensity,Sub_metering_1,Sub_metering_2,Sub_metering_3
17/4/2007,22:44:00,1.738,0.190,238.950,7.200,0.000,0.000,18.0
17/4/2007,22:45:00,1.746,0.192,239.540,7.200,0.000,0.000,17.0
17/4/2007,22:46:00,1.746,0.192,239.590,7.200,0.000,0.000,18.0
17/4/2007,22:47:00,1.832,0.280,239.840,7.600,0.000,0.000,18.0
17/4/2007,22:48:00,1.856,0.324,239.700,7.800,0.000,0.000,17.0
17/4/2007,22:49:00,1.890,0.324,239.040,8.000,0.000,0.000,18.0
17/4/2007,22:50:00,1.858,0.326,240.180,7.800,0.000,0.000,17.0
17/4/2007,22:51:00,1.856,0.326,240.180,7.800,0.000,0.000,18.0
17/4/2007,22:52:00,1.854,0.326,240.090,7.800,0.000,0.000,18.0
17/4/2007,22:53:00,1.850,0.326,240.010,7.800,0.000,0.000,17.0
17/4/2007,22:54:00,1.852,0.326,240.220,7.800,0.000,0.000,18.0
17/4/2007,22:55:00,1.856,0.328,240.510,7.800,0.000,0.000,18.0
17/4/2007,22:56:00,1.856,0.328,240.620,7.800,0.000,0.000,18.0
17/4/2007,22:57:00,1.860,0.330,240.910,7.800,0.000,0.000,17.0
17/4/2007,22:58:00,1.846,0.326,240.000,7.800,0.000,0.000,18.0
17/4/2007,22:59:00,1.852,0.328,240.370,7.800,0.000,0.000,18.0
17/4/2007,23:00:00,1.856,0.332,240.770,7.800,0.000,0.000,17.0
17/4/2007,23:01:00,1.858,0.334,240.950,7.800,0.000,0.000,18.0
17/4/2007,23:02:00,1.860,0.334,240.980,7.800,0.000,0.000,18.0
17/4/2007,23:03:00,1.854,0.332,240.570,7.800,0.000,0.000,18.0
17/4/2007,23:04:00,1.854,0.332,240.650,7.800,0.000,0.000,17.0
17/4/2007,23:05:00,1.858,0.332,240.990,7.800,0.000,0.000,18.0
17/4/2007,23:06:00,1.860,0.332,241.060,7.800,0.000,0.000,18.0
17/4/2007,23:07:00,1.848,0.328,240.360,7.800,0.000,0.000,18.0
17/4/2007,23:08:00,1.852,0.332,241.180,7.800,0.000,0.000,17.0
17/4/2007,23:09:00,1.842,0.332,240.860,7.800,0.000,0.000,18.0
17/4/2007,23:10:00,2.050,0.346,240.770,8.600,0.000,0.000,18.0
17/4/2007,23:11:00,2.018,0.300,240.660,8.400,0.000,0.000,18.0
17/4/2007,23:12:00,1.956,0.212,240.570,8.000,0.000,0.000,17.0
17/4/2007,23:13:00,1.950,0.212,240.140,8.000,0.000,0.000,18.0
17/4/2007,23:14:00,1.954,0.212,240.420,8.000,0.000,0.000,18.0
17/4/2007,23:15:00,1.860,0.210,239.700,7.800,0.000,0.000,17.0
17/4/2007,23:16:00,0.884,0.220,240.170,3.800,0.000,0.000,0.0
17/4/2007,23:17:00,0.894,0.226,241.410,3.800,0.000,0.000,0.0
17/4/2007,23:18:00,0.894,0.226,241.460,3.800,0.000,0.000,0.0
17/4/2007,23:19:00,0.894,0.226,241.620,3.800,0.000,0.000,0.0
17/4/2007,23:20:00,0.890,0.222,240.950,3.800,0.000,0.000,0.0
17/4/2007,23:21:00,0.928,0.260,240.370,4.000,0.000,0.000,0.0
17/4/2007,23:22:00,0.972,0.342,240.600,4.200,0.000,1.000,0.0
17/4/2007,23:23:00,0.972,0.344,240.630,4.200,0.000,1.000,0.0
17/4/2007,23:24:00,0.972,0.344,240.610,4.200,0.000,2.000,0.0
17/4/2007,23:25:00,0.968,0.340,240.100,4.200,0.000,1.000,0.0
17/4/2007,23:26:00,0.974,0.344,240.760,4.200,0.000,1.000,0.0
17/4/2007,23:27:00,0.974,0.344,240.770,4.200,0.000,2.000,0.0
17/4/2007,23:28:00,0.972,0.344,240.750,4.200,0.000,1.000,0.0
17/4/2007,23:29:00,0.970,0.342,240.360,4.200,0.000,2.000,0.0
17/4/2007,23:30:00,0.970,0.342,240.470,4.200,0.000,1.000,0.0
17/4/2007,23:31:00,0.970,0.342,240.510,4.200,0.000,2.000,0.0
17/4/2007,23:32:00,0.966,0.340,240.230,4.200,0.000,1.000,0.0
17/4/2007,23:33:00,0.966,0.340,240.090,4.200,0.000,1.000,0.0
17/4/2007,23:34:00,0.962,0.338,239.820,4.200,0.000,2.000,0.0
17/4/2007,23:35:00,0.964,0.340,240.420,4.200,0.000,1.000,0.0
17/4/2007,23:36:00,0.964,0.342,240.530,4.200,0.000,1.000,0.0
17/4/2007,23:37:00,0.966,0.344,240.820,4.200,0.000,2.000,0.0
17/4/2007,23:38:00,1.050,0.434,240.840,4.600,0.000,1.000,0.0
17/4/2007,23:39:00,1.046,0.432,240.910,4.600,0.000,1.000,0.0
17/4/2007,23:40:00,0.994,0.356,241.070,4.400,0.000,0.000,0.0
17/4/2007,23:41:00,0.996,0.358,241.410,4.400,0.000,0.000,0.0
17/4/2007,23:42:00,0.994,0.356,241.440,4.400,0.000,0.000,0.0
17/4/2007,23:43:00,0.992,0.356,241.460,4.200,0.000,0.000,0.0
17/4/2007,23:44:00,0.988,0.354,240.990,4.200,0.000,0.000,0.0
17/4/2007,23:45:00,0.992,0.358,241.740,4.200,0.000,0.000,0.0
17/4/2007,23:46:00,0.984,0.354,240.950,4.200,0.000,0.000,0.0
17/4/2007,23:47:00,0.976,0.348,239.830,4.200,0.000,0.000,0.0
17/4/2007,23:48:00,0.976,0.346,239.760,4.200,0.000,0.000,0.0
17/4/2007,23:49:00,0.972,0.344,239.230,4.200,0.000,0.000,0.0
17/4/2007,23:50:00,0.970,0.344,239.180,4.200,0.000,0.000,0.0
17/4/2007,23:51:00,0.972,0.346,239.350,4.200,0.000,0.000,0.0
17/4/2007,23:52:00,0.970,0.344,239.220,4.200,0.000,0.000,0.0
17/4/2007,23:53:00,0.964,0.340,238.390,4.200,0.000,0.000,0.0
17/4/2007,23:54:00,0.968,0.344,238.960,4.200,0.000,0.000,0.0
17/4/2007,23:55:00,1.058,0.342,239.170,4.600,0.000,0.000,0.0
17/4/2007,23:56:00,1.164,0.340,239.090,5.000,0.000,0.000,0.0
17/4/2007,23:57:00,1.768,0.336,238.520,7.600,0.000,0.000,0.0
17/4/2007,23:58:00,1.934,0.336,238.130,8.200,0.000,0.000,0.0
17/4/2007,23:59:00,1.294,0.338,238.250,5.800,0.000,0.000,0.0
18/4/2007,00:00:00,1.500,0.336,237.770,6.600,0.000,0.000,0.0
18/4/2007,00:01:00,2.028,0.326,237.270,8.600,0.000,0.000,0.0
18/4/2007,00:02:00,1.876,0.204,237.310,7.800,0.000,0.000,0.0
18/4/2007,00:03:00,1.882,0.206,237.910,7.800,0.000,0.000,0.0
18/4/2007,00:04:00,1.886,0.206,238.150,7.800,0.000,0.000,0.0
18/4/2007,00:05:00,1.886,0.208,238.200,7.800,0.000,0.000,0.0
18/4/2007,00:06:00,1.886,0.206,238.270,7.800,0.000,0.000,0.0
18/4/2007,00:07:00,2.086,0.204,238.080,8.800,0.000,0.000,0.0
18/4/2007,00:08:00,2.200,0.200,237.800,9.200,0.000,0.000,0.0
18/4/2007,00:09:00,2.202,0.202,237.880,9.200,0.000,0.000,0.0
18/4/2007,00:10:00,2.190,0.198,237.150,9.200,0.000,0.000,0.0
18/4/2007,00:11:00,2.200,0.200,237.770,9.200,0.000,0.000,0.0
18/4/2007,00:12:00,2.202,0.202,237.950,9.200,0.000,0.000,0.0
18/4/2007,00:13:00,2.204,0.202,238.040,9.200,0.000,0.000,0.0
18/4/2007,00:14:00,2.206,0.202,238.280,9.200,0.000,0.000,0.0
18/4/2007,00:15:00,2.208,0.202,238.390,9.200,0.000,0.000,0.0
18/4/2007,00:16:00,2.212,0.204,238.670,9.200,0.000,0.000,0.0
18/4/2007,00:17:00,2.004,0.208,238.730,8.400,0.000,0.000,0.0
18/4/2007,00:18:00,1.920,0.208,238.610,8.000,0.000,0.000,0.0
18/4/2007,00:19:00,1.884,0.206,238.030,7.800,0.000,0.000,0.0
18/4/2007,00:20:00,1.892,0.208,238.720,7.800,0.000,0.000,0.0
18/4/2007,00:21:00,1.852,0.132,239.370,7.600,0.000,0.000,0.0
18/4/2007,00:22:00,1.838,0.110,239.420,7.600,0.000,0.000,0.0
18/4/2007,00:23:00,1.682,0.112,239.490,7.000,0.000,0.000,0.0
18/4/2007,00:24:00,1.654,0.112,239.040,6.800,0.000,0.000,0.0
18/4/2007,00:25:00,1.652,0.112,238.830,6.800,0.000,0.000,0.0
18/4/2007,00:26:00,0.856,0.112,239.480,3.800,0.000,0.000,0.0
18/4/2007,00:27:00,0.450,0.106,239.750,1.800,0.000,0.000,0.0
18/4/2007,00:28:00,0.406,0.108,239.710,1.800,0.000,0.000,0.0
18/4/2007,00:29:00,0.440,0.136,239.590,2.000,0.000,0.000,0.0
18/4/2007,00:30:00,0.526,0.238,239.690,2.400,0.000,0.000,0.0
18/4/2007,00:31:00,0.616,0.236,239.680,2.600,0.000,0.000,0.0
18/4/2007,00:32:00,0.632,0.236,239.780,2.800,0.000,0.000,0.0
18/4/2007,00:33:00,0.616,0.238,240.060,2.600,0.000,0.000,0.0
18/4/2007,00:34:00,0.614,0.238,240.200,2.600,0.000,0.000,0.0
18/4/2007,00:35:00,0.648,0.234,239.390,2.800,0.000,0.000,0.0
18/4/2007,00:36:00,0.506,0.240,239.750,2.200,0.000,0.000,0.0
18/4/2007,00:37:00,0.504,0.240,239.910,2.200,0.000,0.000,0.0
18/4/2007,00:38:00,0.498,0.236,239.200,2.200,0.000,0.000,0.0
18/4/2007,00:39:00,0.472,0.242,239.430,2.200,0.000,0.000,0.0
18/4/2007,00:40:00,0.512,0.242,239.770,2.400,0.000,0.000,0.0
18/4/2007,00:41:00,0.378,0.172,239.870,1.800,0.000,0.000,0.0
18/4/2007,00:42:00,0.324,0.128,239.640,1.400,0.000,0.000,0.0
18/4/2007,00:43:00,0.324,0.128,239.520,1.400,0.000,0.000,0.0
18/4/2007,00:44:00,0.324,0.128,239.480,1.400,0.000,0.000,0.0
18/4/2007,00:45:00,0.324,0.128,239.510,1.400,0.000,0.000,0.0
18/4/2007,00:46:00,0.322,0.128,239.480,1.400,0.000,0.000,0.0
18/4/2007,00:47:00,0.322,0.126,239.260,1.400,0.000,0.000,0.0
18/4/2007,00:48:00,0.324,0.130,240.150,1.400,0.000,0.000,0.0
18/4/2007,00:49:00,0.324,0.130,240.410,1.400,0.000,0.000,0.0
18/4/2007,00:50:00,0.322,0.130,240.050,1.400,0.000,0.000,0.0
18/4/2007,00:51:00,0.166,0.050,240.380,0.800,0.000,0.000,0.0
18/4/2007,00:52:00,0.124,0.000,240.850,0.600,0.000,0.000,0.0
18/4/2007,00:53:00,0.144,0.000,241.170,1.000,0.000,0.000,0.0
18/4/2007,00:54:00,0.240,0.138,240.930,1.200,0.000,1.000,0.0
18/4/2007,00:55:00,0.288,0.224,240.910,1.400,0.000,1.000,0.0
18/4/2007,00:56:00,0.284,0.224,240.660,1.400,0.000,1.000,0.0
18/4/2007,00:57:00,0.286,0.222,240.330,1.400,0.000,2.000,0.0
18/4/2007,00:58:00,0.284,0.222,240.210,1.400,0.000,1.000,0.0
18/4/2007,00:59:00,0.282,0.220,239.880,1.400,0.000,2.000,0.0
18/4/2007,01:00:00,0.280,0.220,239.740,1.400,0.000,1.000,0.0
18/4/2007,01:01:00,0.280,0.220,239.950,1.400,0.000,2.000,0.0
18/4/2007,01:02:00,0.278,0.220,239.890,1.400,0.000,1.000,0.0
18/4/2007,01:03:00,0.276,0.220,239.630,1.400,0.000,1.000,0.0
18/4/2007,01:04:00,0.276,0.220,239.990,1.400,0.000,2.000,0.0
18/4/2007,01:05:00,0.276,0.226,241.160,1.400,0.000,1.000,0.0
18/4/2007,01:06:00,0.276,0.224,240.780,1.400,0.000,2.000,0.0
18/4/2007,01:07:00,0.274,0.226,240.980,1.400,0.000,1.000,0.0
18/4/2007,01:08:00,0.272,0.224,240.870,1.400,0.000,1.000,0.0
18/4/2007,01:09:00,0.272,0.228,241.340,1.400,0.000,2.000,0.0
18/4/2007,01:10:00,0.270,0.226,241.240,1.400,0.000,1.000,0.0
18/4/2007,01:11:00,0.268,0.224,240.640,1.400,0.000,1.000,0.0
18/4/2007,01:12:00,0.192,0.104,240.590,1.000,0.000,0.000,0.0
18/4/2007,01:13:00,0.192,0.102,240.430,0.800,0.000,0.000,0.0
18/4/2007,01:14:00,0.178,0.082,240.660,0.800,0.000,0.000,0.0
18/4/2007,01:15:00,0.124,0.000,240.300,0.600,0.000,0.000,0.0
18/4/2007,01:16:00,0.124,0.000,239.630,0.600,0.000,0.000,0.0
18/4/2007,01:17:00,0.124,0.000,240.260,0.600,0.000,0.000,0.0
18/4/2007,01:18:00,0.124,0.000,240.650,0.600,0.000,0.000,0.0
18/4/2007,01:19:00,0.124,0.000,240.730,0.600,0.000,0.000,0.0
18/4/2007,01:20:00,0.170,0.000,240.520,1.000,0.000,0.000,0.0
18/4/2007,01:21:00,0.236,0.130,240.260,1.000,0.000,0.000,0.0
18/4/2007,01:22:00,0.232,0.130,240.180,1.000,0.000,0.000,0.0
18/4/2007,01:23:00,0.230,0.130,240.060,1.000,0.000,0.000,0.0
18/4/2007,01:24:00,0.230,0.130,240.370,1.000,0.000,0.000,0.0
18/4/2007,01:25:00,0.228,0.130,240.080,1.000,0.000,0.000,0.0
18/4/2007,01:26:00,0.226,0.130,240.050,1.000,0.000,0.000,0.0
18/4/2007,01:27:00,0.224,0.128,239.810,1.000,0.000,0.000,0.0
18/4/2007,01:28:00,0.224,0.128,239.940,1.000,0.000,0.000,0.0
18/4/2007,01:29:00,0.222,0.128,239.630,1.000,0.000,0.000,0.0
18/4/2007,01:30:00,0.222,0.130,240.220,1.000,0.000,0.000,0.0
18/4/2007,01:31:00,0.222,0.130,240.220,1.000,0.000,0.000,0.0
18/4/2007,01:32:00,0.220,0.128,239.710,1.000,0.000,0.000,0.0
18/4/2007,01:33:00,0.220,0.128,239.690,1.000,0.000,0.000,0.0
18/4/2007,01:34:00,0.220,0.134,240.930,1.000,0.000,0.000,0.0
18/4/2007,01:35:00,0.220,0.134,240.960,1.000,0.000,0.000,0.0
18/4/2007,01:36:00,0.218,0.130,240.060,1.000,0.000,0.000,0.0
18/4/2007,01:37:00,0.218,0.130,240.070,1.000,0.000,0.000,0.0
18/4/2007,01:38:00,0.218,0.132,240.380,1.000,0.000,0.000,0.0
18/4/2007,01:39:00,0.260,0.168,240.950,1.400,0.000,0.000,0.0
18/4/2007,01:40:00,0.296,0.234,240.770,1.600,0.000,0.000,0.0
18/4/2007,01:41:00,0.294,0.234,240.780,1.600,0.000,0.000,0.0
18/4/2007,01:42:00,0.208,0.114,240.530,1.000,0.000,0.000,0.0
18/4/2007,01:43:00,0.200,0.106,241.760,1.000,0.000,0.000,0.0
18/4/2007,01:44:00,0.198,0.104,241.340,1.000,0.000,0.000,0.0
18/4/2007,01:45:00,0.198,0.104,241.070,1.000,0.000,0.000,0.0
18/4/2007,01:46:00,0.196,0.104,240.880,1.000,0.000,0.000,0.0
18/4/2007,01:47:00,0.194,0.102,240.650,1.000,0.000,0.000,0.0
18/4/2007,01:48:00,0.194,0.104,241.080,1.000,0.000,0.000,0.0
18/4/2007,01:49:00,0.194,0.104,241.490,1.000,0.000,0.000,0.0
18/4/2007,01:50:00,0.194,0.106,241.700,1.000,0.000,0.000,0.0
18/4/2007,01:51:00,0.194,0.104,241.350,1.000,0.000,0.000,0.0
18/4/2007,01:52:00,0.194,0.104,241.470,1.000,0.000,0.000,0.0
18/4/2007,01:53:00,0.194,0.106,241.620,1.000,0.000,0.000,0.0
18/4/2007,01:54:00,0.194,0.106,241.640,1.000,0.000,0.000,0.0
18/4/2007,01:55:00,0.194,0.104,241.430,1.000,0.000,0.000,0.0
18/4/2007,01:56:00,0.192,0.104,241.080,0.800,0.000,0.000,0.0
18/4/2007,01:57:00,0.154,0.000,240.850,0.800,0.000,0.000,0.0
18/4/2007,01:58:00,0.124,0.000,239.890,0.600,0.000,0.000,0.0
18/4/2007,01:59:00,0.122,0.000,239.360,0.600,0.000,0.000,0.0
18/4/2007,02:00:00,0.122,0.000,238.990,0.600,0.000,0.000,0.0
18/4/2007,02:01:00,0.124,0.000,240.110,0.600,0.000,0.000,0.0
18/4/2007,02:02:00,0.124,0.000,240.190,0.600,0.000,0.000,0.0
18/4/2007,02:03:00,0.124,0.000,240.220,0.600,0.000,0.000,0.0
18/4/2007,02:04:00,0.124,0.000,239.900,0.600,0.000,0.000,0.0
18/4/2007,02:05:00,0.124,0.000,239.800,0.600,0.000,0.000,0.0
18/4/2007,02:06:00,0.122,0.000,239.480,0.600,0.000,0.000,0.0
18/4/2007,02:07:00,0.122,0.000,239.610,0.600,0.000,0.000,0.0
18/4/2007,02:08:00,0.122,0.000,239.380,0.600,0.000,0.000,0.0
18/4/2007,02:09:00,0.186,0.056,238.650,1.000,0.000,0.000,0.0
18/4/2007,02:10:00,0.234,0.126,239.300,1.000,0.000,0.000,0.0
18/4/2007,02:11:00,0.232,0.128,239.620,1.000,0.000,0.000,0.0
18/4/2007,02:12:00,0.230,0.128,239.640,1.000,0.000,0.000,0.0
18/4/2007,02:13:00,0.228,0.126,239.280,1.000,0.000,0.000,0.0
18/4/2007,02:14:00,0.226,0.128,239.500,1.000,0.000,0.000,0.0
18/4/2007,02:15:00,0.226,0.128,239.640,1.000,0.000,0.000,0.0
18/4/2007,02:16:00,0.224,0.128,239.570,1.000,0.000,0.000,0.0
18/4/2007,02:17:00,0.224,0.128,239.680,1.000,0.000,0.000,0.0
18/4/2007,02:18:00,0.222,0.126,239.350,1.000,0.000,0.000,0.0
18/4/2007,02:19:00,0.220,0.128,239.770,1.000,0.000,0.000,0.0
18/4/2007,02:20:00,0.220,0.126,239.410,1.000,0.000,0.000,0.0
18/4/2007,02:21:00,0.220,0.128,239.730,1.000,0.000,0.000,0.0
18/4/2007,02:22:00,0.218,0.126,239.320,1.000,0.000,0.000,0.0
18/4/2007,02:23:00,0.272,0.174,239.020,1.400,0.000,0.000,0.0
18/4/2007,02:24:00,0.294,0.224,238.930,1.600,0.000,0.000,0.0
18/4/2007,02:25:00,0.292,0.226,239.060,1.400,0.000,0.000,0.0
18/4/2007,02:26:00,0.292,0.226,238.970,1.400,0.000,0.000,0.0
18/4/2007,02:27:00,0.382,0.334,238.740,2.200,0.000,1.000,0.0
18/4/2007,02:28:00,0.372,0.340,237.890,2.000,0.000,1.000,0.0
18/4/2007,02:29:00,0.346,0.310,238.310,2.000,0.000,1.000,0.0
18/4/2007,02:30:00,0.278,0.214,238.520,1.400,0.000,2.000,0.0
18/4/2007,02:31:00,0.278,0.214,238.550,1.400,0.000,1.000,0.0
18/4/2007,02:32:00,0.278,0.216,239.020,1.400,0.000,2.000,0.0
18/4/2007,02:33:00,0.278,0.216,238.800,1.400,0.000,1.000,0.0
18/4/2007,02:34:00,0.276,0.214,238.530,1.400,0.000,2.000,0.0
18/4/2007,02:35:00,0.276,0.214,238.510,1.400,0.000,1.000,0.0
18/4/2007,02:36:00,0.274,0.214,238.670,1.400,0.000,1.000,0.0
18/4/2007,02:37:00,0.272,0.214,238.370,1.400,0.000,2.000,0.0
18/4/2007,02:38:00,0.274,0.216,238.970,1.400,0.000,1.000,0.0
18/4/2007,02:39:00,0.270,0.212,237.880,1.400,0.000,2.000,0.0
18/4/2007,02:40:00,0.206,0.116,237.970,1.000,0.000,1.000,0.0
18/4/2007,02:41:00,0.204,0.112,238.230,1.000,0.000,1.000,0.0
18/4/2007,02:42:00,0.202,0.112,238.190,1.000,0.000,2.000,0.0
18/4/2007,02:43:00,0.202,0.112,238.250,1.000,0.000,1.000,0.0
18/4/2007,02:44:00,0.172,0.070,238.670,0.800,0.000,1.000,0.0
18/4/2007,02:45:00,0.122,0.000,238.550,0.600,0.000,0.000,0.0
18/4/2007,02:46:00,0.122,0.000,238.050,0.600,0.000,0.000,0.0
18/4/2007,02:47:00,0.122,0.000,238.500,0.600,0.000,0.000,0.0
18/4/2007,02:48:00,0.122,0.000,238.420,0.600,0.000,0.000,0.0
18/4/2007,02:49:00,0.122,0.000,238.390,0.600,0.000,0.000,0.0
18/4/2007,02:50:00,0.122,0.000,238.600,0.600,0.000,0.000,0.0
18/4/2007,02:51:00,0.122,0.000,239.050,0.600,0.000,0.000,0.0
18/4/2007,02:52:00,0.122,0.000,239.150,0.600,0.000,0.000,0.0
18/4/2007,02:53:00,0.122,0.000,239.260,0.600,0.000,0.000,0.0
18/4/2007,02:54:00,0.122,0.000,239.170,0.600,0.000,0.000,0.0
18/4/2007,02:55:00,0.122,0.000,238.800,0.600,0.000,0.000,0.0
18/4/2007,02:56:00,0.122,0.000,239.130,0.600,0.000,0.000,0.0
18/4/2007,02:57:00,0.122,0.000,239.030,0.600,0.000,0.000,0.0
18/4/2007,02:58:00,0.122,0.000,239.130,0.600,0.000,0.000,0.0
18/4/2007,02:59:00,0.200,0.072,238.630,1.000,0.000,0.000,0.0
18/4/2007,03:00:00,0.234,0.124,238.770,1.000,0.000,0.000,0.0
18/4/2007,03:01:00,0.230,0.124,238.740,1.000,0.000,0.000,0.0
18/4/2007,03:02:00,0.228,0.124,238.650,1.000,0.000,0.000,0.0
18/4/2007,03:03:00,0.226,0.124,238.430,1.000,0.000,0.000,0.0
18/4/2007,03:04:00,0.224,0.122,237.890,1.000,0.000,0.000,0.0
18/4/2007,03:05:00,0.224,0.124,238.650,1.000,0.000,0.000,0.0
18/4/2007,03:06:00,0.270,0.166,239.130,1.400,0.000,0.000,0.0
18/4/2007,03:07:00,0.298,0.228,239.430,1.600,0.000,0.000,0.0
18/4/2007,03:08:00,0.296,0.228,239.380,1.600,0.000,0.000,0.0
18/4/2007,03:09:00,0.294,0.226,239.100,1.600,0.000,0.000,0.0
18/4/2007,03:10:00,0.294,0.226,239.200,1.600,0.000,0.000,0.0
18/4/2007,03:11:00,0.292,0.230,239.640,1.600,0.000,0.000,0.0
18/4/2007,03:12:00,0.290,0.228,239.470,1.400,0.000,0.000,0.0
18/4/2007,03:13:00,0.288,0.224,238.590,1.400,0.000,0.000,0.0
18/4/2007,03:14:00,0.288,0.228,239.380,1.400,0.000,0.000,0.0
18/4/2007,03:15:00,0.286,0.228,239.480,1.400,0.000,0.000,0.0
18/4/2007,03:16:00,0.286,0.228,239.430,1.400,0.000,0.000,0.0
18/4/2007,03:17:00,0.286,0.226,239.160,1.400,0.000,0.000,0.0
18/4/2007,03:18:00,0.284,0.226,239.040,1.400,0.000,0.000,0.0
18/4/2007,03:19:00,0.268,0.202,238.720,1.400,0.000,0.000,0.0
18/4/2007,03:20:00,0.192,0.096,238.930,0.800,0.000,0.000,0.0
18/4/2007,03:21:00,0.192,0.098,239.470,0.800,0.000,0.000,0.0
18/4/2007,03:22:00,0.164,0.060,240.650,0.800,0.000,0.000,0.0
18/4/2007,03:23:00,0.124,0.000,240.790,0.600,0.000,0.000,0.0
18/4/2007,03:24:00,0.124,0.000,240.010,0.600,0.000,0.000,0.0
18/4/2007,03:25:00,0.124,0.000,240.330,0.600,0.000,0.000,0.0
18/4/2007,03:26:00,0.124,0.000,240.810,0.600,0.000,0.000,0.0
18/4/2007,03:27:00,0.124,0.000,241.130,0.600,0.000,0.000,0.0
18/4/2007,03:28:00,0.124,0.000,240.830,0.600,0.000,0.000,0.0
18/4/2007,03:29:00,0.124,0.000,241.220,0.600,0.000,0.000,0.0
18/4/2007,03:30:00,0.126,0.000,241.900,0.600,0.000,0.000,0.0
18/4/2007,03:31:00,0.124,0.000,241.610,0.600,0.000,0.000,0.0
18/4/2007,03:32:00,0.124,0.000,241.420,0.600,0.000,0.000,0.0
18/4/2007,03:33:00,0.124,0.000,241.330,0.600,0.000,0.000,0.0
18/4/2007,03:34:00,0.124,0.000,241.170,0.600,0.000,0.000,0.0
18/4/2007,03:35:00,0.124,0.000,240.910,0.600,0.000,0.000,0.0
18/4/2007,03:36:00,0.124,0.000,240.770,0.600,0.000,0.000,0.0
18/4/2007,03:37:00,0.124,0.000,240.530,0.600,0.000,0.000,0.0
18/4/2007,03:38:00,0.124,0.000,240.510,0.600,0.000,0.000,0.0
18/4/2007,03:39:00,0.124,0.000,240.240,0.600,0.000,0.000,0.0
18/4/2007,03:40:00,0.124,0.000,239.960,0.600,0.000,0.000,0.0
18/4/2007,03:41:00,0.124,0.000,240.080,0.600,0.000,0.000,0.0
18/4/2007,03:42:00,0.122,0.000,239.380,0.600,0.000,0.000,0.0
18/4/2007,03:43:00,0.124,0.000,239.690,0.600,0.000,0.000,0.0
18/4/2007,03:44:00,0.122,0.000,239.750,0.600,0.000,0.000,0.0
18/4/2007,03:45:00,0.122,0.000,239.850,0.600,0.000,0.000,0.0
18/4/2007,03:46:00,0.122,0.000,239.670,0.600,0.000,0.000,0.0
18/4/2007,03:47:00,0.142,0.000,239.820,0.800,0.000,0.000,0.0
18/4/2007,03:48:00,0.234,0.128,239.500,1.000,0.000,0.000,0.0
18/4/2007,03:49:00,0.260,0.146,239.570,1.400,0.000,0.000,0.0
18/4/2007,03:50:00,0.306,0.228,239.600,1.600,0.000,0.000,0.0
18/4/2007,03:51:00,0.304,0.228,239.330,1.600,0.000,0.000,0.0
18/4/2007,03:52:00,0.302,0.230,239.700,1.600,0.000,0.000,0.0
18/4/2007,03:53:00,0.300,0.232,240.220,1.600,0.000,0.000,0.0
18/4/2007,03:54:00,0.298,0.232,240.160,1.600,0.000,0.000,0.0
18/4/2007,03:55:00,0.296,0.230,239.700,1.600,0.000,0.000,0.0
18/4/2007,03:56:00,0.292,0.228,239.390,1.600,0.000,0.000,0.0
18/4/2007,03:57:00,0.290,0.228,239.450,1.400,0.000,0.000,0.0
18/4/2007,03:58:00,0.288,0.228,239.260,1.400,0.000,0.000,0.0
18/4/2007,03:59:00,0.360,0.310,239.150,2.000,0.000,0.000,0.0
18/4/2007,04:00:00,0.372,0.344,238.370,2.000,0.000,1.000,0.0
18/4/2007,04:01:00,0.370,0.348,239.140,2.000,0.000,1.000,0.0
18/4/2007,04:02:00,0.370,0.346,238.770,2.000,0.000,2.000,0.0
18/4/2007,04:03:00,0.370,0.346,238.820,2.000,0.000,1.000,0.0
18/4/2007,04:04:00,0.322,0.272,238.500,1.800,0.000,2.000,0.0
18/4/2007,04:05:00,0.302,0.242,238.270,1.600,0.000,1.000,0.0
18/4/2007,04:06:00,0.286,0.224,239.100,1.400,0.000,2.000,0.0
18/4/2007,04:07:00,0.210,0.116,239.210,1.000,0.000,1.000,0.0
18/4/2007,04:08:00,0.210,0.116,239.060,1.000,0.000,2.000,0.0
18/4/2007,04:09:00,0.208,0.114,238.550,1.000,0.000,1.000,0.0
18/4/2007,04:10:00,0.208,0.116,239.100,1.000,0.000,1.000,0.0
18/4/2007,04:11:00,0.206,0.114,238.720,1.000,0.000,2.000,0.0
18/4/2007,04:12:00,0.206,0.114,238.640,1.000,0.000,1.000,0.0
18/4/2007,04:13:00,0.204,0.114,238.730,1.000,0.000,1.000,0.0
18/4/2007,04:14:00,0.204,0.112,238.410,1.000,0.000,2.000,0.0
18/4/2007,04:15:00,0.202,0.114,238.720,1.000,0.000,1.000,0.0
18/4/2007,04:16:00,0.202,0.112,238.650,1.000,0.000,1.000,0.0
18/4/2007,04:17:00,0.134,0.000,238.570,0.600,0.000,1.000,0.0
18/4/2007,04:18:00,0.122,0.000,238.310,0.600,0.000,0.000,0.0
18/4/2007,04:19:00,0.122,0.000,238.670,0.600,0.000,0.000,0.0
18/4/2007,04:20:00,0.122,0.000,238.860,0.600,0.000,0.000,0.0
18/4/2007,04:21:00,0.124,0.000,239.780,0.600,0.000,0.000,0.0
18/4/2007,04:22:00,0.124,0.000,239.510,0.600,0.000,0.000,0.0
18/4/2007,04:23:00,0.124,0.000,238.990,0.600,0.000,0.000,0.0
18/4/2007,04:24:00,0.124,0.000,239.540,0.600,0.000,0.000,0.0
18/4/2007,04:25:00,0.124,0.000,239.360,0.600,0.000,0.000,0.0
18/4/2007,04:26:00,0.140,0.000,239.230,0.600,0.000,0.000,0.0
18/4/2007,04:27:00,0.144,0.000,238.870,0.600,0.000,0.000,0.0
18/4/2007,04:28:00,0.134,0.000,239.210,0.600,0.000,0.000,0.0
18/4/2007,04:29:00,0.122,0.000,239.050,0.600,0.000,0.000,0.0
18/4/2007,04:30:00,0.124,0.000,239.420,0.600,0.000,0.000,0.0
18/4/2007,04:31:00,0.124,0.000,240.120,0.600,0.000,0.000,0.0
18/4/2007,04:32:00,0.210,0.092,239.670,1.200,0.000,0.000,0.0
18/4/2007,04:33:00,0.200,0.100,239.580,1.000,0.000,0.000,0.0
18/4/2007,04:34:00,0.200,0.100,239.540,1.000,0.000,0.000,0.0
18/4/2007,04:35:00,0.274,0.172,238.760,1.400,0.000,0.000,0.0
18/4/2007,04:36:00,0.308,0.228,239.160,1.600,0.000,0.000,0.0
18/4/2007,04:37:00,0.302,0.226,239.040,1.600,0.000,0.000,0.0
18/4/2007,04:38:00,0.300,0.228,239.260,1.600,0.000,0.000,0.0
18/4/2007,04:39:00,0.296,0.224,238.700,1.600,0.000,0.000,0.0
18/4/2007,04:40:00,0.294,0.224,238.600,1.600,0.000,0.000,0.0
18/4/2007,04:41:00,0.294,0.228,239.410,1.600,0.000,0.000,0.0
18/4/2007,04:42:00,0.292,0.228,239.470,1.600,0.000,0.000,0.0
18/4/2007,04:43:00,0.290,0.226,239.020,1.400,0.000,0.000,0.0
18/4/2007,04:44:00,0.288,0.224,238.700,1.400,0.000,0.000,0.0
18/4/2007,04:45:00,0.240,0.154,238.690,1.200,0.000,0.000,0.0
18/4/2007,04:46:00,0.220,0.124,238.700,1.000,0.000,0.000,0.0
18/4/2007,04:47:00,0.218,0.124,238.320,1.000,0.000,0.000,0.0
18/4/2007,04:48:00,0.218,0.122,238.230,1.000,0.000,0.000,0.0
18/4/2007,04:49:00,0.216,0.122,238.110,1.000,0.000,0.000,0.0
18/4/2007,04:50:00,0.218,0.124,238.470,1.000,0.000,0.000,0.0
18/4/2007,04:51:00,0.216,0.124,238.650,1.000,0.000,0.000,0.0
18/4/2007,04:52:00,0.218,0.126,239.250,1.000,0.000,0.000,0.0
18/4/2007,04:53:00,0.216,0.124,238.770,1.000,0.000,0.000,0.0
18/4/2007,04:54:00,0.206,0.114,239.340,1.000,0.000,0.000,0.0
18/4/2007,04:55:00,0.122,0.000,239.600,0.600,0.000,0.000,0.0
18/4/2007,04:56:00,0.124,0.000,239.750,0.600,0.000,0.000,0.0
18/4/2007,04:57:00,0.122,0.000,239.370,0.600,0.000,0.000,0.0
18/4/2007,04:58:00,0.122,0.000,239.510,0.600,0.000,0.000,0.0
18/4/2007,04:59:00,0.122,0.000,239.440,0.600,0.000,0.000,0.0
18/4/2007,05:00:00,0.122,0.000,239.360,0.600,0.000,0.000,0.0
18/4/2007,05:01:00,0.122,0.000,239.430,0.600,0.000,0.000,0.0
18/4/2007,05:02:00,0.122,0.000,239.050,0.600,0.000,0.000,0.0
18/4/2007,05:03:00,0.122,0.000,239.240,0.600,0.000,0.000,0.0
18/4/2007,05:04:00,0.122,0.000,239.050,0.600,0.000,0.000,0.0
18/4/2007,05:05:00,0.122,0.000,238.920,0.600,0.000,0.000,0.0
18/4/2007,05:06:00,0.122,0.000,239.270,0.600,0.000,0.000,0.0
18/4/2007,05:07:00,0.122,0.000,239.500,0.600,0.000,0.000,0.0
18/4/2007,05:08:00,0.124,0.000,239.820,0.600,0.000,0.000,0.0
18/4/2007,05:09:00,0.122,0.000,239.570,0.600,0.000,0.000,0.0
18/4/2007,05:10:00,0.124,0.000,239.780,0.600,0.000,0.000,0.0
18/4/2007,05:11:00,0.122,0.000,239.510,0.600,0.000,0.000,0.0
18/4/2007,05:12:00,0.124,0.000,239.890,0.600,0.000,0.000,0.0
18/4/2007,05:13:00,0.190,0.066,240.270,1.000,0.000,0.000,0.0
18/4/2007,05:14:00,0.200,0.100,240.140,1.000,0.000,0.000,0.0
18/4/2007,05:15:00,0.200,0.100,240.030,1.000,0.000,0.000,0.0
18/4/2007,05:16:00,0.200,0.100,239.850,1.000,0.000,0.000,0.0
18/4/2007,05:17:00,0.198,0.098,239.620,1.000,0.000,0.000,0.0
18/4/2007,05:18:00,0.196,0.098,239.370,1.000,0.000,0.000,0.0
18/4/2007,05:19:00,0.196,0.102,240.520,1.000,0.000,0.000,0.0
18/4/2007,05:20:00,0.194,0.100,239.780,1.000,0.000,0.000,0.0
18/4/2007,05:21:00,0.194,0.100,240.040,1.000,0.000,0.000,0.0
18/4/2007,05:22:00,0.194,0.100,239.960,0.800,0.000,0.000,0.0
18/4/2007,05:23:00,0.194,0.100,239.810,0.800,0.000,0.000,0.0
18/4/2007,05:24:00,0.228,0.126,239.260,1.200,0.000,0.000,0.0
18/4/2007,05:25:00,0.268,0.176,239.550,1.400,0.000,0.000,0.0
18/4/2007,05:26:00,0.232,0.128,239.500,1.000,0.000,0.000,0.0
18/4/2007,05:27:00,0.230,0.126,239.310,1.000,0.000,0.000,0.0
18/4/2007,05:28:00,0.228,0.126,239.080,1.000,0.000,0.000,0.0
18/4/2007,05:29:00,0.226,0.124,238.500,1.000,0.000,0.000,0.0
18/4/2007,05:30:00,0.226,0.126,238.930,1.000,0.000,0.000,0.0
18/4/2007,05:31:00,0.226,0.128,239.540,1.000,0.000,0.000,0.0
18/4/2007,05:32:00,0.224,0.126,239.240,1.000,0.000,0.000,0.0
18/4/2007,05:33:00,0.314,0.234,239.040,1.800,0.000,0.000,0.0
18/4/2007,05:34:00,0.306,0.246,239.080,1.600,0.000,1.000,0.0
18/4/2007,05:35:00,0.306,0.248,239.320,1.600,0.000,2.000,0.0
18/4/2007,05:36:00,0.304,0.246,239.190,1.600,0.000,1.000,0.0
18/4/2007,05:37:00,0.304,0.248,239.300,1.600,0.000,2.000,0.0
18/4/2007,05:38:00,0.302,0.240,237.720,1.600,0.000,1.000,0.0
18/4/2007,05:39:00,0.302,0.242,238.130,1.600,0.000,1.000,0.0
18/4/2007,05:40:00,0.302,0.242,238.280,1.600,0.000,2.000,0.0
18/4/2007,05:41:00,0.302,0.244,238.700,1.600,0.000,1.000,0.0
18/4/2007,05:42:00,0.302,0.244,238.850,1.600,0.000,2.000,0.0
18/4/2007,05:43:00,0.300,0.242,238.400,1.600,0.000,1.000,0.0
18/4/2007,05:44:00,0.214,0.124,238.190,1.000,0.000,1.000,0.0
18/4/2007,05:45:00,0.206,0.112,238.440,1.000,0.000,2.000,0.0
18/4/2007,05:46:00,0.204,0.110,237.810,1.000,0.000,1.000,0.0
18/4/2007,05:47:00,0.202,0.110,237.570,1.000,0.000,2.000,0.0
18/4/2007,05:48:00,0.202,0.110,237.900,1.000,0.000,1.000,0.0
18/4/2007,05:49:00,0.202,0.112,238.380,1.000,0.000,1.000,0.0
18/4/2007,05:50:00,0.192,0.100,238.900,1.000,0.000,1.000,0.0
18/4/2007,05:51:00,0.122,0.000,238.480,0.600,0.000,0.000,0.0
18/4/2007,05:52:00,0.122,0.000,239.250,0.600,0.000,0.000,0.0
18/4/2007,05:53:00,0.122,0.000,239.570,0.600,0.000,0.000,0.0
18/4/2007,05:54:00,0.206,0.084,238.860,1.000,0.000,0.000,0.0
18/4/2007,05:55:00,0.198,0.094,237.920,1.000,0.000,0.000,0.0
18/4/2007,05:56:00,0.200,0.096,238.480,1.000,0.000,0.000,0.0
18/4/2007,05:57:00,0.198,0.096,238.740,1.000,0.000,0.000,0.0
18/4/2007,05:58:00,0.198,0.096,238.890,1.000,0.000,0.000,0.0
18/4/2007,05:59:00,0.196,0.096,238.500,1.000,0.000,0.000,0.0
18/4/2007,06:00:00,0.194,0.096,238.640,0.800,0.000,0.000,0.0
18/4/2007,06:01:00,0.194,0.096,238.570,0.800,0.000,0.000,0.0
18/4/2007,06:02:00,0.192,0.096,238.660,0.800,0.000,0.000,0.0
18/4/2007,06:03:00,0.192,0.096,238.510,0.800,0.000,0.000,0.0
18/4/2007,06:04:00,0.190,0.092,237.480,0.800,0.000,0.000,0.0
18/4/2007,06:05:00,0.190,0.094,238.100,0.800,0.000,0.000,0.0
18/4/2007,06:06:00,0.134,0.000,238.270,0.600,0.000,0.000,0.0
18/4/2007,06:07:00,0.122,0.000,238.260,0.600,0.000,0.000,0.0
18/4/2007,06:08:00,0.122,0.000,238.320,0.600,0.000,0.000,0.0
18/4/2007,06:09:00,0.122,0.000,238.610,0.600,0.000,0.000,0.0
18/4/2007,06:10:00,0.122,0.000,238.590,0.600,0.000,0.000,0.0
18/4/2007,06:11:00,0.122,0.000,238.760,0.600,0.000,0.000,0.0
18/4/2007,06:12:00,0.122,0.000,238.780,0.600,0.000,0.000,0.0
18/4/2007,06:13:00,0.144,0.000,238.130,0.800,0.000,0.000,0.0
18/4/2007,06:14:00,0.234,0.124,238.500,1.000,0.000,0.000,0.0
18/4/2007,06:15:00,0.232,0.124,238.680,1.000,0.000,0.000,0.0
18/4/2007,06:16:00,0.230,0.124,238.650,1.000,0.000,0.000,0.0
18/4/2007,06:17:00,0.228,0.122,238.380,1.000,0.000,0.000,0.0
18/4/2007,06:18:00,0.226,0.122,238.260,1.000,0.000,0.000,0.0
18/4/2007,06:19:00,0.226,0.124,238.630,1.000,0.000,0.000,0.0
18/4/2007,06:20:00,0.224,0.124,238.400,1.000,0.000,0.000,0.0
18/4/2007,06:21:00,0.222,0.122,238.050,1.000,0.000,0.000,0.0
18/4/2007,06:22:00,0.222,0.122,238.170,1.000,0.000,0.000,0.0
18/4/2007,06:23:00,0.220,0.124,238.490,1.000,0.000,0.000,0.0
18/4/2007,06:24:00,0.222,0.130,240.020,1.000,0.000,0.000,0.0
18/4/2007,06:25:00,0.222,0.134,240.870,1.000,0.000,0.000,0.0
18/4/2007,06:26:00,0.222,0.134,241.110,1.000,0.000,0.000,0.0
18/4/2007,06:27:00,0.222,0.134,241.300,1.000,0.000,0.000,0.0
18/4/2007,06:28:00,0.220,0.132,240.820,1.000,0.000,0.000,0.0
18/4/2007,06:29:00,0.220,0.132,240.440,1.000,0.000,0.000,0.0
18/4/2007,06:30:00,0.634,0.120,238.980,3.400,0.000,0.000,5.0
18/4/2007,06:31:00,1.314,0.114,239.140,5.400,0.000,0.000,18.0
18/4/2007,06:32:00,1.262,0.058,239.310,5.200,0.000,0.000,18.0
18/4/2007,06:33:00,1.198,0.000,239.510,5.000,0.000,0.000,18.0
18/4/2007,06:34:00,1.188,0.000,239.210,4.800,0.000,0.000,18.0
18/4/2007,06:35:00,1.232,0.000,238.630,5.200,0.000,0.000,17.0
18/4/2007,06:36:00,1.254,0.084,238.820,5.200,0.000,0.000,18.0
18/4/2007,06:37:00,1.254,0.084,239.080,5.200,0.000,0.000,17.0
18/4/2007,06:38:00,1.254,0.084,239.180,5.200,0.000,0.000,18.0
18/4/2007,06:39:00,1.246,0.082,238.550,5.200,0.000,0.000,18.0
18/4/2007,06:40:00,1.250,0.084,239.040,5.200,0.000,0.000,17.0
18/4/2007,06:41:00,1.254,0.086,239.580,5.200,0.000,0.000,18.0
18/4/2007,06:42:00,1.250,0.086,239.410,5.200,0.000,0.000,17.0
18/4/2007,06:43:00,1.248,0.086,239.330,5.200,0.000,0.000,18.0
18/4/2007,06:44:00,1.252,0.088,239.820,5.200,0.000,0.000,17.0
18/4/2007,06:45:00,1.258,0.090,240.480,5.200,0.000,0.000,18.0
18/4/2007,06:46:00,1.256,0.090,240.370,5.200,0.000,0.000,18.0
18/4/2007,06:47:00,1.206,0.000,240.270,5.000,0.000,0.000,18.0
18/4/2007,06:48:00,1.186,0.000,240.060,4.800,0.000,0.000,17.0
18/4/2007,06:49:00,1.186,0.000,240.150,4.800,0.000,0.000,18.0
18/4/2007,06:50:00,1.194,0.000,240.970,4.800,0.000,0.000,18.0
18/4/2007,06:51:00,1.194,0.000,240.950,4.800,0.000,0.000,17.0
18/4/2007,06:52:00,1.196,0.000,241.150,4.800,0.000,0.000,18.0
18/4/2007,06:53:00,1.194,0.000,240.820,4.800,0.000,0.000,18.0
18/4/2007,06:54:00,1.192,0.000,240.780,4.800,0.000,0.000,18.0
18/4/2007,06:55:00,1.260,0.000,240.990,5.200,0.000,0.000,17.0
18/4/2007,06:56:00,4.278,0.000,236.990,19.000,0.000,0.000,18.0
18/4/2007,06:57:00,4.988,0.050,235.490,21.200,0.000,0.000,17.0
18/4/2007,06:58:00,5.140,0.050,236.320,21.600,0.000,0.000,17.0
18/4/2007,06:59:00,4.742,0.000,236.210,20.400,0.000,0.000,17.0
18/4/2007,07:00:00,3.184,0.000,237.580,13.600,0.000,0.000,17.0
18/4/2007,07:01:00,4.256,0.048,236.470,18.000,0.000,0.000,17.0
18/4/2007,07:02:00,3.966,0.128,236.330,16.800,0.000,0.000,17.0
18/4/2007,07:03:00,2.972,0.106,237.350,12.400,0.000,0.000,18.0
18/4/2007,07:04:00,1.968,0.120,238.460,8.200,0.000,0.000,17.0
18/4/2007,07:05:00,1.830,0.120,238.410,7.600,0.000,0.000,18.0
18/4/2007,07:06:00,1.846,0.116,237.770,7.800,0.000,0.000,17.0
18/4/2007,07:07:00,1.916,0.188,238.470,8.000,0.000,0.000,17.0
18/4/2007,07:08:00,1.926,0.238,238.140,8.000,0.000,1.000,18.0
18/4/2007,07:09:00,1.922,0.236,237.700,8.000,0.000,2.000,17.0
18/4/2007,07:10:00,1.916,0.234,237.280,8.000,0.000,1.000,17.0
18/4/2007,07:11:00,1.920,0.238,238.040,8.000,0.000,2.000,18.0
18/4/2007,07:12:00,1.930,0.242,238.820,8.000,0.000,1.000,17.0
18/4/2007,07:13:00,2.012,0.320,239.220,8.400,0.000,2.000,18.0
18/4/2007,07:14:00,2.014,0.340,238.470,8.600,0.000,1.000,17.0
18/4/2007,07:15:00,2.020,0.342,238.680,8.600,0.000,1.000,17.0
18/4/2007,07:16:00,2.016,0.340,238.430,8.600,0.000,2.000,18.0
18/4/2007,07:17:00,2.012,0.340,238.350,8.400,0.000,1.000,17.0
18/4/2007,07:18:00,2.006,0.342,238.540,8.400,0.000,2.000,18.0
18/4/2007,07:19:00,2.002,0.340,238.330,8.400,0.000,1.000,17.0
18/4/2007,07:20:00,1.962,0.278,238.670,8.200,0.000,1.000,17.0
18/4/2007,07:21:00,1.910,0.212,238.740,8.000,0.000,2.000,18.0
18/4/2007,07:22:00,1.900,0.208,237.820,8.000,0.000,1.000,17.0
18/4/2007,07:23:00,1.168,0.220,239.100,5.400,0.000,1.000,6.0
18/4/2007,07:24:00,0.866,0.228,240.280,3.800,0.000,2.000,0.0
18/4/2007,07:25:00,0.790,0.130,240.640,3.400,0.000,0.000,0.0
18/4/2007,07:26:00,0.746,0.054,240.990,3.200,0.000,0.000,0.0
18/4/2007,07:27:00,0.712,0.000,241.130,3.000,0.000,0.000,0.0
18/4/2007,07:28:00,0.712,0.000,241.000,3.000,0.000,0.000,0.0
18/4/2007,07:29:00,0.726,0.000,241.100,3.000,0.000,0.000,0.0
18/4/2007,07:30:00,0.746,0.000,240.850,3.000,0.000,0.000,0.0
18/4/2007,07:31:00,0.728,0.000,240.700,3.000,0.000,0.000,0.0
18/4/2007,07:32:00,0.710,0.000,241.490,3.000,0.000,0.000,0.0
18/4/2007,07:33:00,0.714,0.000,241.460,3.000,0.000,0.000,0.0
18/4/2007,07:34:00,0.716,0.000,241.780,3.000,0.000,0.000,0.0
18/4/2007,07:35:00,0.716,0.000,242.350,3.000,0.000,0.000,0.0
18/4/2007,07:36:00,0.772,0.000,242.310,3.200,0.000,0.000,0.0
18/4/2007,07:37:00,0.830,0.000,242.410,3.400,0.000,0.000,0.0
18/4/2007,07:38:00,0.834,0.000,242.070,3.400,0.000,0.000,0.0
18/4/2007,07:39:00,0.726,0.000,241.730,3.000,0.000,0.000,0.0
18/4/2007,07:40:00,0.724,0.000,241.380,3.000,0.000,0.000,0.0
18/4/2007,07:41:00,0.896,0.000,241.460,4.000,0.000,0.000,1.0
18/4/2007,07:42:00,1.818,0.000,239.670,7.600,0.000,0.000,19.0
18/4/2007,07:43:00,1.798,0.000,239.270,7.400,0.000,0.000,18.0
18/4/2007,07:44:00,1.794,0.000,238.960,7.400,0.000,0.000,17.0
18/4/2007,07:45:00,1.978,0.000,238.720,8.200,0.000,0.000,18.0
18/4/2007,07:46:00,1.956,0.000,238.060,8.200,0.000,0.000,17.0
18/4/2007,07:47:00,1.814,0.000,238.300,7.600,0.000,0.000,18.0
18/4/2007,07:48:00,1.442,0.000,237.710,6.000,0.000,0.000,17.0
18/4/2007,07:49:00,1.530,0.070,237.420,6.400,0.000,0.000,18.0
18/4/2007,07:50:00,1.542,0.102,237.080,6.400,0.000,0.000,17.0
18/4/2007,07:51:00,1.500,0.102,237.130,6.200,0.000,0.000,17.0
18/4/2007,07:52:00,1.410,0.106,237.780,6.000,0.000,0.000,17.0
18/4/2007,07:53:00,1.334,0.108,237.840,5.600,0.000,0.000,18.0
18/4/2007,07:54:00,1.376,0.108,238.250,5.800,0.000,0.000,17.0
18/4/2007,07:55:00,1.430,0.108,238.410,6.000,0.000,0.000,18.0
18/4/2007,07:56:00,1.804,0.246,237.630,7.800,0.000,0.000,17.0
18/4/2007,07:57:00,1.626,0.278,236.520,7.200,0.000,0.000,17.0
18/4/2007,07:58:00,1.332,0.206,237.030,5.600,0.000,0.000,17.0
18/4/2007,07:59:00,1.328,0.206,237.270,5.600,0.000,0.000,18.0
18/4/2007,08:00:00,1.328,0.208,237.420,5.600,0.000,0.000,17.0
18/4/2007,08:01:00,1.342,0.222,238.060,5.600,0.000,0.000,17.0
18/4/2007,08:02:00,1.406,0.238,237.660,6.000,1.000,0.000,17.0
18/4/2007,08:03:00,1.432,0.288,238.130,6.000,1.000,0.000,18.0
18/4/2007,08:04:00,1.500,0.420,238.420,6.400,1.000,0.000,17.0
18/4/2007,08:05:00,1.398,0.236,237.420,6.000,2.000,0.000,18.0
18/4/2007,08:06:00,1.402,0.218,237.610,5.800,1.000,0.000,17.0
18/4/2007,08:07:00,1.310,0.104,237.830,5.400,1.000,0.000,17.0
18/4/2007,08:08:00,1.304,0.090,237.890,5.400,1.000,0.000,17.0
18/4/2007,08:09:00,1.282,0.068,237.460,5.400,1.000,0.000,18.0
18/4/2007,08:10:00,1.236,0.000,237.900,5.200,2.000,0.000,17.0
18/4/2007,08:11:00,1.232,0.000,237.730,5.200,1.000,0.000,17.0
18/4/2007,08:12:00,1.228,0.000,236.990,5.200,1.000,0.000,18.0
18/4/2007,08:13:00,1.230,0.000,237.490,5.200,1.000,0.000,17.0
18/4/2007,08:14:00,1.362,0.000,236.690,6.200,2.000,0.000,17.0
18/4/2007,08:15:00,3.392,0.000,235.320,14.400,37.000,0.000,17.0
18/4/2007,08:16:00,3.400,0.000,236.070,14.400,38.000,0.000,17.0
18/4/2007,08:17:00,3.494,0.000,235.620,14.800,37.000,0.000,17.0
18/4/2007,08:18:00,3.428,0.000,235.980,14.400,37.000,0.000,17.0
18/4/2007,08:19:00,3.382,0.000,235.610,14.200,37.000,0.000,17.0
18/4/2007,08:20:00,3.360,0.000,234.990,14.200,37.000,0.000,17.0
18/4/2007,08:21:00,3.366,0.000,235.160,14.200,37.000,0.000,17.0
18/4/2007,08:22:00,3.338,0.000,234.270,14.200,37.000,0.000,17.0
18/4/2007,08:23:00,3.388,0.000,236.080,14.200,37.000,0.000,17.0
18/4/2007,08:24:00,2.992,0.000,236.250,13.000,33.000,0.000,17.0
18/4/2007,08:25:00,2.828,0.000,236.970,12.600,26.000,0.000,17.0
18/4/2007,08:26:00,1.554,0.000,238.270,8.000,12.000,0.000,15.0
18/4/2007,08:27:00,0.194,0.000,239.320,0.800,1.000,0.000,0.0
18/4/2007,08:28:00,0.194,0.000,239.070,0.800,1.000,0.000,0.0
18/4/2007,08:29:00,0.194,0.000,239.430,0.800,1.000,0.000,0.0
18/4/2007,08:30:00,0.194,0.000,238.700,0.800,2.000,0.000,0.0
18/4/2007,08:31:00,0.194,0.000,239.270,0.800,1.000,0.000,0.0
18/4/2007,08:32:00,0.194,0.000,239.230,0.800,1.000,0.000,0.0
18/4/2007,08:33:00,0.194,0.000,239.260,0.800,1.000,0.000,0.0
18/4/2007,08:34:00,0.194,0.000,239.370,0.800,1.000,0.000,0.0
18/4/2007,08:35:00,0.300,0.114,239.050,1.400,2.000,0.000,0.0
18/4/2007,08:36:00,0.302,0.132,238.740,1.400,1.000,0.000,0.0
18/4/2007,08:37:00,0.300,0.130,238.300,1.400,1.000,0.000,0.0
18/4/2007,08:38:00,0.302,0.134,238.060,1.400,1.000,0.000,0.0
18/4/2007,08:39:00,0.328,0.148,237.600,1.600,2.000,0.000,0.0
18/4/2007,08:40:00,0.370,0.232,238.240,1.800,1.000,0.000,0.0
18/4/2007,08:41:00,0.368,0.230,237.850,1.800,1.000,0.000,0.0
18/4/2007,08:42:00,0.426,0.294,238.060,2.200,1.000,0.000,0.0
18/4/2007,08:43:00,0.452,0.352,238.160,2.400,2.000,1.000,0.0
18/4/2007,08:44:00,0.444,0.350,238.000,2.400,1.000,1.000,0.0
18/4/2007,08:45:00,0.446,0.354,238.540,2.400,1.000,2.000,0.0
18/4/2007,08:46:00,0.442,0.354,238.610,2.400,1.000,1.000,0.0
18/4/2007,08:47:00,0.444,0.374,238.000,2.400,2.000,2.000,0.0
18/4/2007,08:48:00,0.402,0.370,236.560,2.200,0.000,1.000,0.0
18/4/2007,08:49:00,0.442,0.352,236.730,2.400,1.000,2.000,0.0
18/4/2007,08:50:00,0.446,0.358,237.900,2.400,2.000,1.000,0.0
18/4/2007,08:51:00,0.442,0.354,238.060,2.400,1.000,1.000,0.0
18/4/2007,08:52:00,0.416,0.320,237.640,2.200,1.000,2.000,0.0
18/4/2007,08:53:00,0.330,0.194,237.290,1.600,1.000,1.000,0.0
18/4/2007,08:54:00,0.274,0.120,237.950,1.200,2.000,2.000,0.0
18/4/2007,08:55:00,0.276,0.122,238.500,1.200,1.000,1.000,0.0
18/4/2007,08:56:00,0.280,0.138,238.380,1.400,1.000,1.000,0.0
18/4/2007,08:57:00,0.224,0.144,237.000,1.000,1.000,2.000,0.0
18/4/2007,08:58:00,0.264,0.130,237.480,1.200,1.000,1.000,0.0
18/4/2007,08:59:00,1.830,0.100,235.620,8.800,25.000,1.000,0.0
18/4/2007,09:00:00,2.338,0.000,235.220,9.800,37.000,0.000,0.0
18/4/2007,09:01:00,2.330,0.000,234.790,9.800,37.000,0.000,0.0
18/4/2007,09:02:00,2.374,0.000,237.400,10.000,37.000,0.000,0.0
18/4/2007,09:03:00,2.376,0.000,237.430,10.000,38.000,0.000,0.0
18/4/2007,09:04:00,2.374,0.000,237.670,10.000,37.000,0.000,0.0
18/4/2007,09:05:00,2.378,0.000,237.760,10.000,38.000,0.000,0.0
18/4/2007,09:06:00,2.368,0.000,236.770,10.000,37.000,0.000,0.0
18/4/2007,09:07:00,2.376,0.000,237.590,10.000,38.000,0.000,0.0
18/4/2007,09:08:00,2.360,0.000,237.230,9.800,37.000,0.000,0.0
18/4/2007,09:09:00,2.364,0.000,237.370,9.800,38.000,0.000,0.0
18/4/2007,09:10:00,2.362,0.000,237.510,9.800,37.000,0.000,0.0
18/4/2007,09:11:00,2.344,0.000,237.200,9.800,37.000,0.000,0.0
18/4/2007,09:12:00,0.140,0.000,239.860,0.600,2.000,0.000,0.0
18/4/2007,09:13:00,0.124,0.000,239.840,0.600,0.000,0.000,0.0
18/4/2007,09:14:00,0.124,0.000,240.780,0.600,0.000,0.000,0.0
18/4/2007,09:15:00,0.132,0.000,239.860,0.600,0.000,0.000,0.0
18/4/2007,09:16:00,0.148,0.000,240.800,0.600,1.000,0.000,0.0
18/4/2007,09:17:00,0.132,0.000,240.580,0.600,0.000,0.000,0.0
18/4/2007,09:18:00,0.124,0.000,240.940,0.600,0.000,0.000,0.0
18/4/2007,09:19:00,0.124,0.000,241.130,0.600,0.000,0.000,0.0
18/4/2007,09:20:00,0.126,0.000,241.140,0.600,0.000,0.000,0.0
18/4/2007,09:21:00,0.144,0.000,241.400,0.800,0.000,0.000,0.0
18/4/2007,09:22:00,0.238,0.136,241.200,1.200,0.000,0.000,0.0
18/4/2007,09:23:00,0.306,0.210,241.530,1.600,0.000,0.000,0.0
18/4/2007,09:24:00,0.306,0.230,239.720,1.600,0.000,0.000,0.0
18/4/2007,09:25:00,0.320,0.260,240.090,1.600,0.000,0.000,0.0
18/4/2007,09:26:00,0.330,0.256,240.140,1.800,0.000,0.000,0.0
18/4/2007,09:27:00,0.300,0.230,239.650,1.600,0.000,0.000,0.0
18/4/2007,09:28:00,0.298,0.228,239.250,1.600,0.000,0.000,0.0
18/4/2007,09:29:00,0.296,0.230,239.470,1.600,0.000,0.000,0.0
18/4/2007,09:30:00,0.294,0.230,239.490,1.600,0.000,0.000,0.0
18/4/2007,09:31:00,0.290,0.228,239.040,1.400,0.000,0.000,0.0
18/4/2007,09:32:00,0.288,0.226,238.910,1.400,0.000,0.000,0.0
18/4/2007,09:33:00,0.288,0.224,238.540,1.400,0.000,0.000,0.0
18/4/2007,09:34:00,0.288,0.228,239.460,1.400,0.000,0.000,0.0
18/4/2007,09:35:00,0.280,0.220,239.780,1.400,0.000,0.000,0.0
18/4/2007,09:36:00,0.220,0.130,240.240,1.000,0.000,0.000,0.0
18/4/2007,09:37:00,0.220,0.132,240.270,1.000,0.000,0.000,0.0
18/4/2007,09:38:00,0.220,0.132,240.350,1.000,0.000,0.000,0.0
18/4/2007,09:39:00,0.220,0.134,240.890,1.000,0.000,0.000,0.0
18/4/2007,09:40:00,0.164,0.052,240.180,0.800,0.000,0.000,0.0
18/4/2007,09:41:00,0.124,0.000,239.960,0.600,0.000,0.000,0.0
18/4/2007,09:42:00,0.128,0.000,243.280,0.600,0.000,0.000,0.0
18/4/2007,09:43:00,0.128,0.000,243.400,0.600,0.000,0.000,0.0
18/4/2007,09:44:00,0.126,0.000,242.310,0.600,0.000,0.000,0.0
18/4/2007,09:45:00,0.126,0.000,242.510,0.600,0.000,0.000,0.0
18/4/2007,09:46:00,0.126,0.000,242.600,0.600,0.000,0.000,0.0
18/4/2007,09:47:00,0.126,0.000,242.220,0.600,0.000,0.000,0.0
18/4/2007,09:48:00,0.126,0.000,242.430,0.600,0.000,0.000,0.0
18/4/2007,09:49:00,0.126,0.000,242.620,0.600,0.000,0.000,0.0
18/4/2007,09:50:00,0.126,0.000,242.120,0.600,0.000,0.000,0.0
18/4/2007,09:51:00,0.126,0.000,242.950,0.600,0.000,0.000,0.0
18/4/2007,09:52:00,0.186,0.000,242.390,0.800,0.000,0.000,0.0
18/4/2007,09:53:00,0.298,0.000,243.010,1.400,0.000,0.000,0.0
18/4/2007,09:54:00,0.516,0.000,242.650,2.000,0.000,0.000,0.0
18/4/2007,09:55:00,0.536,0.000,242.900,2.200,0.000,0.000,0.0
18/4/2007,09:56:00,0.532,0.000,243.220,2.200,0.000,0.000,0.0
18/4/2007,09:57:00,0.534,0.000,243.450,2.200,0.000,0.000,0.0
18/4/2007,09:58:00,0.534,0.000,241.810,2.200,0.000,0.000,0.0
18/4/2007,09:59:00,0.540,0.000,243.030,2.200,0.000,0.000,0.0
18/4/2007,10:00:00,0.540,0.000,242.720,2.200,0.000,0.000,0.0
18/4/2007,10:01:00,0.508,0.000,242.660,2.000,0.000,0.000,0.0
18/4/2007,10:02:00,0.230,0.000,242.570,1.000,0.000,0.000,0.0
18/4/2007,10:03:00,0.228,0.000,242.130,1.000,0.000,0.000,0.0
18/4/2007,10:04:00,0.228,0.000,242.140,1.000,0.000,0.000,0.0
18/4/2007,10:05:00,0.320,0.000,241.970,1.400,0.000,0.000,0.0
18/4/2007,10:06:00,0.360,0.000,241.820,1.600,0.000,0.000,0.0
18/4/2007,10:07:00,0.408,0.074,241.210,1.600,0.000,0.000,0.0
18/4/2007,10:08:00,1.372,0.064,240.420,5.800,0.000,0.000,14.0
18/4/2007,10:09:00,1.558,0.110,240.450,6.400,0.000,0.000,19.0
18/4/2007,10:10:00,1.604,0.196,240.510,6.600,0.000,0.000,18.0
18/4/2007,10:11:00,1.580,0.192,239.580,6.600,0.000,0.000,18.0
18/4/2007,10:12:00,1.564,0.194,238.940,6.600,0.000,0.000,17.0
18/4/2007,10:13:00,1.526,0.204,238.380,6.400,0.000,0.000,18.0
18/4/2007,10:14:00,1.656,0.198,237.250,7.000,0.000,0.000,17.0
18/4/2007,10:15:00,1.724,0.196,236.840,7.200,0.000,0.000,17.0
18/4/2007,10:16:00,1.724,0.196,237.020,7.200,0.000,0.000,18.0
18/4/2007,10:17:00,1.792,0.272,237.410,7.600,0.000,0.000,17.0
18/4/2007,10:18:00,1.822,0.324,238.480,7.600,0.000,1.000,17.0
18/4/2007,10:19:00,1.766,0.244,238.450,7.400,0.000,2.000,18.0
18/4/2007,10:20:00,1.750,0.222,238.330,7.400,0.000,1.000,17.0
18/4/2007,10:21:00,1.748,0.222,238.150,7.400,0.000,2.000,18.0
18/4/2007,10:22:00,1.748,0.222,238.230,7.400,0.000,1.000,17.0
18/4/2007,10:23:00,1.742,0.220,238.260,7.200,0.000,2.000,17.0
18/4/2007,10:24:00,1.726,0.214,237.400,7.200,0.000,1.000,18.0
18/4/2007,10:25:00,1.736,0.218,238.290,7.200,0.000,1.000,17.0
18/4/2007,10:26:00,1.742,0.220,238.430,7.200,0.000,2.000,17.0
18/4/2007,10:27:00,1.738,0.220,238.550,7.200,0.000,1.000,18.0
18/4/2007,10:28:00,1.714,0.188,238.460,7.200,0.000,2.000,17.0
18/4/2007,10:29:00,1.640,0.088,238.320,6.800,0.000,1.000,18.0
18/4/2007,10:30:00,1.640,0.088,238.310,6.800,0.000,1.000,17.0
18/4/2007,10:31:00,1.638,0.088,238.240,6.800,0.000,2.000,17.0
18/4/2007,10:32:00,1.632,0.086,237.930,6.800,0.000,1.000,18.0
18/4/2007,10:33:00,1.636,0.088,238.310,6.800,0.000,1.000,17.0
18/4/2007,10:34:00,1.642,0.090,238.890,6.800,0.000,2.000,18.0
18/4/2007,10:35:00,1.568,0.000,238.840,6.400,0.000,0.000,17.0
18/4/2007,10:36:00,1.576,0.000,239.010,6.600,0.000,0.000,18.0
18/4/2007,10:37:00,1.574,0.000,239.320,6.400,0.000,0.000,17.0
18/4/2007,10:38:00,1.574,0.000,239.020,6.600,0.000,0.000,18.0
18/4/2007,10:39:00,1.576,0.000,238.930,6.600,0.000,0.000,17.0
18/4/2007,10:40:00,1.574,0.000,238.650,6.600,0.000,0.000,18.0
18/4/2007,10:41:00,1.560,0.000,237.580,6.400,0.000,0.000,17.0
18/4/2007,10:42:00,1.578,0.000,238.990,6.600,0.000,0.000,17.0
18/4/2007,10:43:00,1.576,0.000,238.810,6.600,0.000,0.000,18.0
18/4/2007,10:44:00,1.578,0.000,239.010,6.600,0.000,0.000,17.0
18/4/2007,10:45:00,1.584,0.000,239.440,6.600,0.000,0.000,18.0
18/4/2007,10:46:00,1.584,0.000,239.500,6.600,0.000,0.000,17.0
18/4/2007,10:47:00,1.586,0.000,239.740,6.600,0.000,0.000,18.0
18/4/2007,10:48:00,1.588,0.000,239.890,6.600,0.000,0.000,18.0
18/4/2007,10:49:00,1.580,0.000,239.200,6.600,0.000,0.000,17.0
18/4/2007,10:50:00,1.628,0.000,238.860,6.800,0.000,0.000,18.0
18/4/2007,10:51:00,1.652,0.076,238.900,6.800,0.000,0.000,17.0
18/4/2007,10:52:00,1.650,0.076,238.820,6.800,0.000,0.000,18.0
18/4/2007,10:53:00,1.652,0.076,239.030,6.800,0.000,0.000,17.0
18/4/2007,10:54:00,1.646,0.074,238.560,6.800,0.000,0.000,18.0
18/4/2007,10:55:00,1.642,0.074,238.310,6.800,0.000,0.000,17.0
18/4/2007,10:56:00,1.640,0.074,238.350,6.800,0.000,0.000,17.0
18/4/2007,10:57:00,1.638,0.074,238.330,6.800,0.000,0.000,18.0
18/4/2007,10:58:00,1.730,0.176,237.740,7.200,0.000,0.000,17.0
18/4/2007,10:59:00,1.512,0.204,237.670,6.400,0.000,0.000,17.0
18/4/2007,11:00:00,1.434,0.206,237.750,6.000,0.000,0.000,18.0
18/4/2007,11:01:00,1.430,0.204,237.580,6.000,0.000,0.000,17.0
18/4/2007,11:02:00,1.656,0.148,237.450,7.000,0.000,0.000,17.0
18/4/2007,11:03:00,1.604,0.100,237.230,6.800,0.000,0.000,18.0
18/4/2007,11:04:00,1.338,0.108,238.220,5.600,0.000,0.000,17.0
18/4/2007,11:05:00,1.302,0.108,238.110,5.400,0.000,0.000,17.0
18/4/2007,11:06:00,1.300,0.106,237.960,5.400,0.000,0.000,18.0
18/4/2007,11:07:00,1.292,0.104,237.160,5.400,0.000,0.000,17.0
18/4/2007,11:08:00,1.302,0.106,238.230,5.400,0.000,0.000,17.0
18/4/2007,11:09:00,1.316,0.120,237.460,5.400,0.000,0.000,18.0
18/4/2007,11:10:00,1.322,0.122,237.590,5.600,0.000,0.000,17.0
18/4/2007,11:11:00,1.324,0.124,237.750,5.600,0.000,0.000,17.0
18/4/2007,11:12:00,1.320,0.122,237.460,5.600,0.000,0.000,17.0
18/4/2007,11:13:00,1.298,0.108,237.390,5.400,0.000,0.000,18.0
18/4/2007,11:14:00,1.296,0.106,238.100,5.400,0.000,0.000,17.0
18/4/2007,11:15:00,1.300,0.104,237.610,5.400,0.000,0.000,17.0
18/4/2007,11:16:00,0.730,0.098,238.260,3.800,0.000,0.000,9.0
18/4/2007,11:17:00,0.160,0.000,239.230,0.600,0.000,0.000,0.0
18/4/2007,11:18:00,0.160,0.000,238.770,0.600,0.000,0.000,0.0
18/4/2007,11:19:00,0.160,0.000,239.460,0.600,0.000,0.000,0.0
18/4/2007,11:20:00,0.160,0.000,239.060,0.600,0.000,0.000,0.0
18/4/2007,11:21:00,0.160,0.000,239.150,0.600,0.000,0.000,0.0
18/4/2007,11:22:00,0.160,0.000,239.100,0.600,0.000,0.000,0.0
18/4/2007,11:23:00,0.160,0.000,239.140,0.600,0.000,0.000,0.0
18/4/2007,11:24:00,0.160,0.000,239.330,0.600,0.000,0.000,0.0
18/4/2007,11:25:00,0.160,0.000,239.140,0.600,0.000,0.000,0.0
18/4/2007,11:26:00,0.162,0.000,239.820,0.600,0.000,0.000,0.0
18/4/2007,11:27:00,0.162,0.000,239.970,0.600,0.000,0.000,0.0
18/4/2007,11:28:00,0.162,0.000,239.960,0.600,0.000,0.000,0.0
18/4/2007,11:29:00,0.162,0.000,240.820,0.600,0.000,0.000,0.0
18/4/2007,11:30:00,0.162,0.000,240.890,0.800,0.000,0.000,0.0
18/4/2007,11:31:00,0.162,0.000,240.570,0.600,0.000,0.000,0.0
18/4/2007,11:32:00,0.254,0.098,240.420,1.200,0.000,0.000,0.0
18/4/2007,11:33:00,0.238,0.100,240.620,1.000,0.000,0.000,0.0
18/4/2007,11:34:00,0.240,0.098,240.550,1.000,0.000,0.000,0.0
18/4/2007,11:35:00,0.240,0.102,241.470,1.000,0.000,0.000,0.0
18/4/2007,11:36:00,0.238,0.102,241.390,1.000,0.000,0.000,0.0
18/4/2007,11:37:00,0.236,0.100,241.120,1.000,0.000,0.000,0.0
18/4/2007,11:38:00,0.236,0.100,241.110,1.000,0.000,0.000,0.0
18/4/2007,11:39:00,0.234,0.100,240.970,1.000,0.000,0.000,0.0
18/4/2007,11:40:00,0.234,0.100,241.120,1.000,0.000,0.000,0.0
18/4/2007,11:41:00,0.230,0.098,240.690,1.000,0.000,0.000,0.0
18/4/2007,11:42:00,0.232,0.098,240.520,1.000,0.000,0.000,0.0
18/4/2007,11:43:00,0.232,0.098,240.330,1.000,0.000,0.000,0.0
18/4/2007,11:44:00,0.274,0.124,240.420,1.400,0.000,0.000,0.0
18/4/2007,11:45:00,0.274,0.128,240.690,1.200,0.000,0.000,0.0
18/4/2007,11:46:00,0.270,0.130,241.110,1.200,0.000,0.000,0.0
18/4/2007,11:47:00,0.270,0.130,241.440,1.200,0.000,0.000,0.0
18/4/2007,11:48:00,0.268,0.134,242.140,1.200,0.000,0.000,0.0
18/4/2007,11:49:00,0.268,0.136,242.490,1.200,0.000,0.000,0.0
18/4/2007,11:50:00,0.266,0.136,242.400,1.200,0.000,0.000,0.0
18/4/2007,11:51:00,0.264,0.130,240.980,1.200,0.000,0.000,0.0
18/4/2007,11:52:00,0.306,0.172,241.950,1.600,0.000,0.000,0.0
18/4/2007,11:53:00,0.348,0.256,241.870,1.800,0.000,1.000,0.0
18/4/2007,11:54:00,0.346,0.256,241.780,1.800,0.000,1.000,0.0
18/4/2007,11:55:00,0.344,0.252,241.240,1.800,0.000,1.000,0.0
18/4/2007,11:56:00,0.346,0.256,241.740,1.800,0.000,2.000,0.0
18/4/2007,11:57:00,0.346,0.256,242.010,1.800,0.000,1.000,0.0
18/4/2007,11:58:00,0.346,0.258,242.130,1.800,0.000,2.000,0.0
18/4/2007,11:59:00,0.344,0.254,241.520,1.800,0.000,1.000,0.0
18/4/2007,12:00:00,0.344,0.258,242.070,1.800,0.000,2.000,0.0
18/4/2007,12:01:00,0.344,0.258,242.110,1.800,0.000,1.000,0.0
18/4/2007,12:02:00,0.324,0.230,242.690,1.600,0.000,1.000,0.0
18/4/2007,12:03:00,0.248,0.122,242.220,1.200,0.000,2.000,0.0
18/4/2007,12:04:00,0.248,0.122,241.990,1.200,0.000,1.000,0.0
18/4/2007,12:05:00,0.246,0.120,241.770,1.200,0.000,2.000,0.0
18/4/2007,12:06:00,0.246,0.122,242.040,1.200,0.000,1.000,0.0
18/4/2007,12:07:00,0.246,0.120,241.490,1.200,0.000,1.000,0.0
18/4/2007,12:08:00,0.238,0.112,239.420,1.000,0.000,2.000,0.0
18/4/2007,12:09:00,0.232,0.112,240.140,1.000,0.000,1.000,0.0
18/4/2007,12:10:00,0.184,0.000,239.700,0.800,0.000,1.000,0.0
18/4/2007,12:11:00,0.152,0.000,240.120,0.600,0.000,0.000,0.0
18/4/2007,12:12:00,0.154,0.000,240.090,0.600,0.000,0.000,0.0
18/4/2007,12:13:00,0.152,0.000,240.530,0.600,0.000,0.000,0.0
18/4/2007,12:14:00,0.152,0.000,240.400,0.600,0.000,0.000,0.0
18/4/2007,12:15:00,0.152,0.000,240.520,0.600,0.000,0.000,0.0
18/4/2007,12:16:00,0.204,0.000,240.820,1.000,0.000,0.000,0.0
18/4/2007,12:17:00,0.228,0.090,239.050,1.000,0.000,0.000,0.0
18/4/2007,12:18:00,0.230,0.094,240.280,1.000,0.000,0.000,0.0
18/4/2007,12:19:00,0.230,0.094,240.420,1.000,0.000,0.000,0.0
18/4/2007,12:20:00,0.230,0.098,241.260,1.000,0.000,0.000,0.0
18/4/2007,12:21:00,0.226,0.102,241.260,1.000,0.000,0.000,0.0
18/4/2007,12:22:00,0.232,0.100,241.060,1.000,0.000,0.000,0.0
18/4/2007,12:23:00,0.730,0.204,240.540,4.600,0.000,0.000,0.0
18/4/2007,12:24:00,1.668,0.364,239.000,7.800,0.000,0.000,0.0
18/4/2007,12:25:00,1.850,0.374,239.340,8.200,0.000,0.000,0.0
18/4/2007,12:26:00,0.776,0.164,240.080,4.600,0.000,0.000,0.0
18/4/2007,12:27:00,1.248,0.214,238.920,7.000,0.000,0.000,0.0
18/4/2007,12:28:00,1.186,0.090,238.460,5.200,0.000,0.000,0.0
18/4/2007,12:29:00,2.852,0.144,237.050,12.600,27.000,0.000,0.0
18/4/2007,12:30:00,2.670,0.248,238.070,11.200,39.000,0.000,0.0
18/4/2007,12:31:00,2.678,0.300,237.900,11.200,38.000,0.000,0.0
18/4/2007,12:32:00,2.684,0.302,238.100,11.200,39.000,0.000,0.0
18/4/2007,12:33:00,2.684,0.302,238.220,11.200,39.000,0.000,0.0
18/4/2007,12:34:00,2.674,0.298,237.850,11.200,38.000,0.000,0.0
18/4/2007,12:35:00,2.678,0.298,238.010,11.200,39.000,0.000,0.0
18/4/2007,12:36:00,2.670,0.296,237.670,11.200,38.000,0.000,0.0
18/4/2007,12:37:00,2.664,0.292,237.370,11.200,39.000,0.000,0.0
18/4/2007,12:38:00,2.676,0.294,237.950,11.200,38.000,0.000,0.0
18/4/2007,12:39:00,2.680,0.284,237.750,11.200,39.000,0.000,0.0
18/4/2007,12:40:00,2.674,0.290,237.960,11.200,38.000,0.000,0.0
18/4/2007,12:41:00,2.416,0.296,237.870,10.600,37.000,0.000,0.0
18/4/2007,12:42:00,0.408,0.314,239.700,2.200,1.000,0.000,0.0
18/4/2007,12:43:00,0.358,0.222,238.940,1.800,1.000,0.000,0.0
18/4/2007,12:44:00,1.444,0.208,238.330,7.800,17.000,0.000,0.0
18/4/2007,12:45:00,2.582,0.190,237.100,10.800,38.000,0.000,0.0
18/4/2007,12:46:00,2.214,0.196,237.540,10.000,34.000,0.000,0.0
18/4/2007,12:47:00,0.358,0.226,239.760,1.800,1.000,0.000,0.0
18/4/2007,12:48:00,0.360,0.226,239.890,1.800,1.000,0.000,0.0
18/4/2007,12:49:00,0.270,0.104,240.030,1.400,1.000,0.000,0.0
18/4/2007,12:50:00,0.790,0.088,239.610,5.200,8.000,0.000,0.0
18/4/2007,12:51:00,2.478,0.064,238.140,10.400,38.000,0.000,0.0
18/4/2007,12:52:00,0.806,0.000,238.940,5.400,12.000,0.000,0.0
18/4/2007,12:53:00,0.206,0.000,239.710,1.000,0.000,0.000,0.0
18/4/2007,12:54:00,0.206,0.000,239.960,1.000,0.000,0.000,0.0
18/4/2007,12:55:00,0.208,0.000,240.170,1.000,0.000,0.000,0.0
18/4/2007,12:56:00,0.204,0.000,240.210,1.000,0.000,0.000,0.0
18/4/2007,12:57:00,0.208,0.000,241.020,1.000,0.000,0.000,0.0
18/4/2007,12:58:00,0.208,0.000,240.640,1.000,0.000,0.000,0.0
18/4/2007,12:59:00,0.206,0.000,241.390,1.000,0.000,0.000,0.0
18/4/2007,13:00:00,0.218,0.000,240.740,1.000,0.000,0.000,0.0
18/4/2007,13:01:00,0.222,0.000,239.780,1.000,0.000,0.000,0.0
18/4/2007,13:02:00,0.228,0.000,239.620,1.200,0.000,0.000,0.0
18/4/2007,13:03:00,0.230,0.000,239.690,1.200,1.000,0.000,0.0
18/4/2007,13:04:00,0.234,0.000,239.700,1.200,0.000,0.000,0.0
18/4/2007,13:05:00,0.234,0.000,239.630,1.200,1.000,0.000,0.0
18/4/2007,13:06:00,0.234,0.000,239.540,1.200,0.000,0.000,0.0
18/4/2007,13:07:00,0.234,0.000,239.960,1.200,1.000,0.000,0.0
18/4/2007,13:08:00,0.226,0.000,240.030,1.000,0.000,0.000,0.0
18/4/2007,13:09:00,0.222,0.000,239.560,1.000,1.000,0.000,0.0
18/4/2007,13:10:00,0.200,0.000,240.280,1.000,0.000,0.000,0.0
18/4/2007,13:11:00,0.274,0.076,240.010,1.400,0.000,0.000,0.0
18/4/2007,13:12:00,0.272,0.096,240.210,1.200,0.000,0.000,0.0
18/4/2007,13:13:00,0.234,0.094,239.350,1.000,0.000,0.000,0.0
18/4/2007,13:14:00,0.214,0.096,239.250,1.000,0.000,0.000,0.0
18/4/2007,13:15:00,0.270,0.150,239.150,1.400,0.000,0.000,0.0
18/4/2007,13:16:00,0.320,0.222,238.740,1.600,0.000,0.000,0.0
18/4/2007,13:17:00,0.346,0.218,238.370,1.600,0.000,0.000,0.0
18/4/2007,13:18:00,0.324,0.208,238.420,1.600,0.000,0.000,0.0
18/4/2007,13:19:00,0.322,0.210,238.530,1.600,0.000,0.000,0.0
18/4/2007,13:20:00,0.320,0.212,238.970,1.600,0.000,0.000,0.0
18/4/2007,13:21:00,0.318,0.208,238.380,1.600,0.000,0.000,0.0
18/4/2007,13:22:00,0.316,0.208,238.280,1.600,0.000,0.000,0.0
18/4/2007,13:23:00,0.314,0.210,238.550,1.600,0.000,0.000,0.0
18/4/2007,13:24:00,0.314,0.212,238.940,1.600,0.000,0.000,0.0
18/4/2007,13:25:00,0.312,0.214,239.260,1.600,0.000,0.000,0.0
18/4/2007,13:26:00,0.310,0.210,238.480,1.600,0.000,0.000,0.0
18/4/2007,13:27:00,0.294,0.186,239.280,1.400,0.000,0.000,0.0
18/4/2007,13:28:00,0.346,0.236,239.100,1.800,0.000,0.000,0.0
18/4/2007,13:29:00,0.328,0.230,238.890,1.600,0.000,1.000,0.0
18/4/2007,13:30:00,0.328,0.232,239.300,1.600,0.000,2.000,0.0
18/4/2007,13:31:00,0.328,0.234,239.440,1.600,0.000,1.000,0.0
18/4/2007,13:32:00,0.328,0.232,239.050,1.600,0.000,2.000,0.0
18/4/2007,13:33:00,0.328,0.230,238.780,1.600,0.000,1.000,0.0
18/4/2007,13:34:00,0.316,0.214,238.180,1.600,0.000,2.000,0.0
18/4/2007,13:35:00,0.234,0.102,239.070,1.000,0.000,1.000,0.0
18/4/2007,13:36:00,0.234,0.102,238.990,1.000,0.000,1.000,0.0
18/4/2007,13:37:00,0.234,0.100,238.710,1.000,0.000,2.000,0.0
18/4/2007,13:38:00,0.234,0.100,239.020,1.000,0.000,1.000,0.0
18/4/2007,13:39:00,0.232,0.100,238.880,1.000,0.000,2.000,0.0
18/4/2007,13:40:00,0.232,0.100,239.060,1.000,0.000,1.000,0.0
18/4/2007,13:41:00,0.230,0.100,238.850,1.000,0.000,1.000,0.0
18/4/2007,13:42:00,0.230,0.100,238.760,1.000,0.000,2.000,0.0
18/4/2007,13:43:00,0.228,0.104,239.800,1.000,0.000,1.000,0.0
18/4/2007,13:44:00,0.228,0.106,240.300,1.000,0.000,1.000,0.0
18/4/2007,13:45:00,0.208,0.074,240.240,1.000,0.000,1.000,0.0
18/4/2007,13:46:00,0.150,0.000,240.530,0.600,0.000,0.000,0.0
18/4/2007,13:47:00,0.146,0.000,240.520,0.600,0.000,0.000,0.0
18/4/2007,13:48:00,0.138,0.000,240.290,0.600,0.000,0.000,0.0
18/4/2007,13:49:00,0.138,0.000,240.280,0.600,0.000,0.000,0.0
18/4/2007,13:50:00,0.140,0.000,241.070,0.600,0.000,0.000,0.0
18/4/2007,13:51:00,0.138,0.000,240.400,0.600,0.000,0.000,0.0
18/4/2007,13:52:00,0.138,0.000,240.980,0.600,0.000,0.000,0.0
18/4/2007,13:53:00,0.140,0.000,241.100,0.600,0.000,0.000,0.0
18/4/2007,13:54:00,0.140,0.000,241.060,0.600,0.000,0.000,0.0
18/4/2007,13:55:00,0.138,0.000,241.090,0.600,0.000,0.000,0.0
18/4/2007,13:56:00,0.138,0.000,240.740,0.600,0.000,0.000,0.0
18/4/2007,13:57:00,0.142,0.000,240.830,0.600,0.000,0.000,0.0
18/4/2007,13:58:00,0.230,0.066,240.330,1.200,0.000,0.000,0.0
18/4/2007,13:59:00,0.238,0.094,239.790,1.000,0.000,0.000,0.0
18/4/2007,14:00:00,0.238,0.092,239.020,1.000,0.000,0.000,0.0
18/4/2007,14:01:00,0.240,0.098,240.860,1.000,0.000,0.000,0.0
18/4/2007,14:02:00,0.360,0.234,242.060,1.800,0.000,0.000,0.0
18/4/2007,14:03:00,0.346,0.236,241.960,1.600,0.000,0.000,0.0
18/4/2007,14:04:00,0.342,0.238,242.260,1.600,0.000,0.000,0.0
18/4/2007,14:05:00,0.340,0.236,241.710,1.600,0.000,0.000,0.0
18/4/2007,14:06:00,0.338,0.236,241.770,1.600,0.000,0.000,0.0
18/4/2007,14:07:00,0.336,0.236,241.740,1.600,0.000,0.000,0.0
18/4/2007,14:08:00,0.334,0.236,241.660,1.600,0.000,0.000,0.0
18/4/2007,14:09:00,0.332,0.232,240.840,1.600,0.000,0.000,0.0
18/4/2007,14:10:00,0.328,0.230,240.360,1.600,0.000,0.000,0.0
18/4/2007,14:11:00,0.328,0.230,240.590,1.600,0.000,0.000,0.0
18/4/2007,14:12:00,0.328,0.234,241.310,1.600,0.000,0.000,0.0
18/4/2007,14:13:00,0.544,0.134,241.010,2.200,0.000,0.000,0.0
18/4/2007,14:14:00,0.564,0.126,241.600,2.400,0.000,0.000,0.0
18/4/2007,14:15:00,0.562,0.122,240.840,2.400,0.000,0.000,0.0
18/4/2007,14:16:00,0.562,0.122,240.930,2.400,0.000,0.000,0.0
18/4/2007,14:17:00,0.562,0.122,240.700,2.400,0.000,0.000,0.0
18/4/2007,14:18:00,0.556,0.116,239.310,2.400,0.000,0.000,0.0
18/4/2007,14:19:00,0.556,0.118,239.620,2.400,0.000,0.000,0.0
18/4/2007,14:20:00,0.556,0.118,239.570,2.400,0.000,0.000,0.0
18/4/2007,14:21:00,0.506,0.046,239.770,2.000,0.000,0.000,0.0
18/4/2007,14:22:00,0.464,0.000,239.410,1.800,0.000,0.000,0.0
18/4/2007,14:23:00,0.464,0.000,239.590,1.800,0.000,0.000,0.0
18/4/2007,14:24:00,0.466,0.000,240.050,1.800,0.000,0.000,0.0
18/4/2007,14:25:00,0.466,0.000,240.190,1.800,0.000,0.000,0.0
18/4/2007,14:26:00,0.464,0.000,240.450,1.800,0.000,0.000,0.0
18/4/2007,14:27:00,0.464,0.000,239.980,1.800,0.000,0.000,0.0
18/4/2007,14:28:00,0.466,0.000,240.680,1.800,0.000,0.000,0.0
18/4/2007,14:29:00,0.466,0.000,240.680,1.800,0.000,0.000,0.0
18/4/2007,14:30:00,0.466,0.000,240.380,1.800,0.000,0.000,0.0
18/4/2007,14:31:00,0.466,0.000,240.320,1.800,0.000,0.000,0.0
18/4/2007,14:32:00,0.468,0.000,240.720,1.800,0.000,0.000,0.0
18/4/2007,14:33:00,0.468,0.000,241.110,1.800,0.000,0.000,0.0
18/4/2007,14:34:00,0.468,0.000,240.840,1.800,0.000,0.000,0.0
18/4/2007,14:35:00,0.468,0.000,240.880,1.800,0.000,0.000,0.0
18/4/2007,14:36:00,0.466,0.000,240.310,1.800,0.000,0.000,0.0
18/4/2007,14:37:00,0.466,0.000,240.660,1.800,0.000,0.000,0.0
18/4/2007,14:38:00,0.468,0.000,240.760,1.800,0.000,0.000,0.0
18/4/2007,14:39:00,0.468,0.000,240.910,1.800,0.000,0.000,0.0
18/4/2007,14:40:00,0.468,0.000,241.160,1.800,0.000,0.000,0.0
18/4/2007,14:41:00,0.468,0.000,241.140,1.800,0.000,0.000,0.0
18/4/2007,14:42:00,0.470,0.000,241.360,1.800,0.000,0.000,0.0
18/4/2007,14:43:00,0.468,0.000,241.380,1.800,0.000,0.000,0.0
18/4/2007,14:44:00,0.526,0.000,241.390,2.200,0.000,0.000,0.0
18/4/2007,14:45:00,0.586,0.090,240.610,2.400,0.000,0.000,0.0
18/4/2007,14:46:00,0.600,0.092,241.080,2.400,0.000,0.000,0.0
18/4/2007,14:47:00,0.550,0.094,241.000,2.200,0.000,0.000,0.0
18/4/2007,14:48:00,0.548,0.094,241.050,2.200,0.000,0.000,0.0
18/4/2007,14:49:00,0.544,0.092,240.730,2.200,0.000,0.000,0.0
18/4/2007,14:50:00,0.668,0.228,240.620,2.800,0.000,0.000,0.0
18/4/2007,14:51:00,0.650,0.226,240.860,2.800,0.000,0.000,0.0
18/4/2007,14:52:00,0.402,0.230,241.370,2.000,0.000,0.000,0.0
18/4/2007,14:53:00,0.330,0.230,241.110,1.600,0.000,0.000,0.0
18/4/2007,14:54:00,0.328,0.232,241.340,1.600,0.000,0.000,0.0
18/4/2007,14:55:00,0.328,0.234,241.850,1.600,0.000,0.000,0.0
18/4/2007,14:56:00,0.326,0.232,241.370,1.600,0.000,0.000,0.0
18/4/2007,14:57:00,0.326,0.236,242.170,1.600,0.000,0.000,0.0
18/4/2007,14:58:00,0.304,0.206,242.630,1.400,0.000,0.000,0.0
18/4/2007,14:59:00,0.256,0.134,242.370,1.200,0.000,0.000,0.0
18/4/2007,15:00:00,0.254,0.134,242.200,1.200,0.000,0.000,0.0
18/4/2007,15:01:00,0.254,0.134,242.250,1.200,0.000,0.000,0.0
18/4/2007,15:02:00,0.252,0.132,242.010,1.200,0.000,0.000,0.0
18/4/2007,15:03:00,0.340,0.238,241.200,1.800,0.000,0.000,0.0
18/4/2007,15:04:00,0.338,0.256,242.240,1.600,0.000,2.000,0.0
18/4/2007,15:05:00,0.336,0.258,242.690,1.800,0.000,1.000,0.0
18/4/2007,15:06:00,0.338,0.260,242.880,1.800,0.000,2.000,0.0
18/4/2007,15:07:00,0.338,0.258,242.550,1.800,0.000,1.000,0.0
18/4/2007,15:08:00,0.338,0.260,242.890,1.800,0.000,2.000,0.0
18/4/2007,15:09:00,0.296,0.200,242.990,1.400,0.000,1.000,0.0
18/4/2007,15:10:00,0.244,0.122,242.450,1.000,0.000,2.000,0.0
18/4/2007,15:11:00,0.242,0.120,242.110,1.000,0.000,1.000,0.0
18/4/2007,15:12:00,0.242,0.118,241.500,1.000,0.000,1.000,0.0
18/4/2007,15:13:00,0.240,0.118,241.650,1.000,0.000,2.000,0.0
18/4/2007,15:14:00,0.240,0.120,242.000,1.000,0.000,1.000,0.0
18/4/2007,15:15:00,0.238,0.116,241.230,1.000,0.000,2.000,0.0
18/4/2007,15:16:00,0.238,0.116,241.130,1.000,0.000,1.000,0.0
18/4/2007,15:17:00,0.236,0.116,241.600,1.000,0.000,1.000,0.0
18/4/2007,15:18:00,0.236,0.118,241.680,1.000,0.000,2.000,0.0
18/4/2007,15:19:00,0.234,0.116,241.240,1.000,0.000,1.000,0.0
18/4/2007,15:20:00,0.230,0.110,241.100,1.000,0.000,1.000,0.0
18/4/2007,15:21:00,0.154,0.000,241.690,0.600,0.000,0.000,0.0
18/4/2007,15:22:00,0.154,0.000,241.710,0.600,0.000,0.000,0.0
18/4/2007,15:23:00,0.152,0.000,241.490,0.600,0.000,0.000,0.0
