Date,Time,Global_active_power,Global_reactive_power,Voltage,Global_intensity,Sub_metering_1,Sub_metering_2,Sub_metering_3
6/5/2007,00:04:00,1.214,0.064,233.980,5.200,0.000,0.000,17.0
6/5/2007,00:05:00,1.218,0.066,234.330,5.200,0.000,0.000,17.0
6/5/2007,00:06:00,1.730,0.062,233.940,7.600,0.000,0.000,16.0
6/5/2007,00:07:00,1.592,0.062,234.350,6.800,0.000,0.000,17.0
6/5/2007,00:08:00,1.580,0.062,234.410,6.800,0.000,0.000,17.0
6/5/2007,00:09:00,3.598,0.000,232.400,15.400,0.000,0.000,15.0
6/5/2007,00:10:00,2.912,0.046,233.350,12.400,0.000,0.000,0.0
6/5/2007,00:11:00,1.358,0.062,234.620,6.600,0.000,0.000,0.0
6/5/2007,00:12:00,0.934,0.066,235.380,4.000,0.000,0.000,0.0
6/5/2007,00:13:00,0.936,0.066,235.450,4.000,0.000,0.000,0.0
6/5/2007,00:14:00,0.806,0.000,235.820,3.400,0.000,0.000,0.0
6/5/2007,00:15:00,0.460,0.000,236.210,2.000,0.000,0.000,0.0
6/5/2007,00:16:00,0.390,0.000,236.300,1.800,0.000,0.000,0.0
6/5/2007,00:17:00,0.382,0.000,235.970,3.000,0.000,0.000,0.0
6/5/2007,00:18:00,2.450,0.000,233.720,10.400,0.000,0.000,0.0
6/5/2007,00:19:00,2.430,0.000,233.740,10.400,0.000,0.000,0.0
6/5/2007,00:20:00,0.658,0.000,236.130,3.800,0.000,0.000,0.0
6/5/2007,00:21:00,0.208,0.000,236.450,1.000,0.000,0.000,0.0
6/5/2007,00:22:00,0.132,0.000,236.870,0.600,0.000,0.000,0.0
6/5/2007,00:23:00,0.402,0.000,236.320,2.200,0.000,0.000,0.0
6/5/2007,00:24:00,1.040,0.000,235.390,4.400,0.000,0.000,0.0
6/5/2007,00:25:00,1.116,0.000,235.590,4.800,0.000,0.000,0.0
6/5/2007,00:26:00,0.960,0.080,235.740,4.200,0.000,0.000,0.0
6/5/2007,00:27:00,2.846,0.096,233.670,12.200,0.000,0.000,0.0
6/5/2007,00:28:00,2.656,0.106,233.810,11.400,0.000,0.000,0.0
6/5/2007,00:29:00,0.630,0.142,236.080,4.000,0.000,0.000,0.0
6/5/2007,00:30:00,0.476,0.140,235.950,2.000,0.000,0.000,0.0
6/5/2007,00:31:00,0.504,0.138,235.380,2.200,0.000,0.000,0.0
6/5/2007,00:32:00,0.514,0.140,236.120,2.200,0.000,0.000,0.0
6/5/2007,00:33:00,0.514,0.140,236.100,2.200,0.000,0.000,0.0
6/5/2007,00:34:00,0.510,0.138,235.770,2.200,0.000,0.000,0.0
6/5/2007,00:35:00,0.460,0.140,235.700,2.000,0.000,0.000,0.0
6/5/2007,00:36:00,2.096,0.120,234.020,9.200,0.000,0.000,0.0
6/5/2007,00:37:00,2.276,0.120,234.680,9.600,0.000,0.000,0.0
6/5/2007,00:38:00,0.796,0.140,236.440,5.000,0.000,0.000,0.0
6/5/2007,00:39:00,0.306,0.146,236.820,1.400,0.000,0.000,0.0
6/5/2007,00:40:00,0.304,0.144,236.100,1.400,0.000,0.000,0.0
6/5/2007,00:41:00,0.256,0.122,234.870,1.200,0.000,0.000,0.0
6/5/2007,00:42:00,0.224,0.110,235.330,1.000,0.000,0.000,0.0
6/5/2007,00:43:00,0.222,0.110,235.110,1.000,0.000,0.000,0.0
6/5/2007,00:44:00,0.274,0.154,235.140,1.400,0.000,0.000,0.0
6/5/2007,00:45:00,1.730,0.116,233.290,8.200,0.000,0.000,0.0
6/5/2007,00:46:00,2.152,0.058,233.120,9.200,0.000,0.000,0.0
6/5/2007,00:47:00,0.986,0.074,234.970,5.800,0.000,0.000,0.0
6/5/2007,00:48:00,0.206,0.084,235.930,1.000,0.000,0.000,0.0
6/5/2007,00:49:00,0.204,0.084,235.540,1.000,0.000,0.000,0.0
6/5/2007,00:50:00,0.202,0.082,234.800,1.000,0.000,0.000,0.0
6/5/2007,00:51:00,0.202,0.082,235.350,1.000,0.000,0.000,0.0
6/5/2007,00:52:00,0.200,0.082,235.300,1.000,0.000,0.000,0.0
6/5/2007,00:53:00,0.200,0.084,235.170,1.000,0.000,0.000,0.0
6/5/2007,00:54:00,1.750,0.064,233.600,8.200,0.000,0.000,0.0
6/5/2007,00:55:00,2.142,0.058,233.000,9.200,0.000,0.000,0.0
6/5/2007,00:56:00,1.078,0.072,234.070,6.200,0.000,0.000,0.0
6/5/2007,00:57:00,0.154,0.000,235.320,0.800,0.000,0.000,0.0
6/5/2007,00:58:00,0.158,0.000,235.470,1.000,0.000,0.000,0.0
6/5/2007,00:59:00,0.216,0.102,234.930,1.000,0.000,1.000,0.0
6/5/2007,01:00:00,0.216,0.102,235.580,1.000,0.000,1.000,0.0
6/5/2007,01:01:00,0.216,0.104,235.540,1.000,0.000,1.000,0.0
6/5/2007,01:02:00,0.218,0.104,235.580,1.000,0.000,2.000,0.0
6/5/2007,01:03:00,1.158,0.092,234.810,6.400,0.000,1.000,0.0
6/5/2007,01:04:00,2.172,0.078,233.590,9.200,0.000,2.000,0.0
6/5/2007,01:05:00,1.646,0.082,233.420,7.800,0.000,1.000,0.0
6/5/2007,01:06:00,0.216,0.102,234.840,1.000,0.000,2.000,0.0
6/5/2007,01:07:00,0.214,0.100,234.930,1.000,0.000,1.000,0.0
6/5/2007,01:08:00,0.214,0.098,234.410,1.000,0.000,1.000,0.0
6/5/2007,01:09:00,0.214,0.100,235.020,1.000,0.000,2.000,0.0
6/5/2007,01:10:00,0.278,0.162,235.060,1.400,0.000,1.000,0.0
6/5/2007,01:11:00,0.320,0.224,235.250,1.600,0.000,2.000,0.0
6/5/2007,01:12:00,0.856,0.218,235.060,5.200,0.000,1.000,0.0
6/5/2007,01:13:00,2.274,0.200,233.990,9.600,0.000,1.000,0.0
6/5/2007,01:14:00,2.036,0.208,235.140,9.000,0.000,1.000,0.0
6/5/2007,01:15:00,0.310,0.234,237.180,1.600,0.000,2.000,0.0
6/5/2007,01:16:00,0.308,0.234,237.170,1.600,0.000,1.000,0.0
6/5/2007,01:17:00,0.306,0.234,237.200,1.600,0.000,1.000,0.0
6/5/2007,01:18:00,0.304,0.232,236.620,1.600,0.000,2.000,0.0
6/5/2007,01:19:00,0.304,0.234,237.160,1.600,0.000,1.000,0.0
6/5/2007,01:20:00,0.302,0.234,237.160,1.600,0.000,1.000,0.0
6/5/2007,01:21:00,0.300,0.234,237.140,1.600,0.000,1.000,0.0
6/5/2007,01:22:00,1.832,0.208,234.830,8.600,0.000,1.000,0.0
6/5/2007,01:23:00,2.262,0.202,234.450,9.600,0.000,2.000,0.0
6/5/2007,01:24:00,1.086,0.218,235.490,6.200,0.000,1.000,0.0
6/5/2007,01:25:00,0.296,0.230,236.360,1.600,0.000,1.000,0.0
6/5/2007,01:26:00,0.294,0.228,235.800,1.600,0.000,1.000,0.0
6/5/2007,01:27:00,0.292,0.222,234.610,1.600,0.000,1.000,0.0
6/5/2007,01:28:00,0.302,0.214,235.270,1.600,0.000,2.000,0.0
6/5/2007,01:29:00,0.276,0.196,234.870,1.400,0.000,1.000,0.0
6/5/2007,01:30:00,0.274,0.196,234.870,1.400,0.000,1.000,0.0
6/5/2007,01:31:00,1.254,0.184,234.050,6.800,0.000,1.000,0.0
6/5/2007,01:32:00,2.218,0.170,232.990,9.400,0.000,1.000,0.0
6/5/2007,01:33:00,1.634,0.178,233.870,8.000,0.000,2.000,0.0
6/5/2007,01:34:00,0.272,0.198,235.490,1.400,0.000,1.000,0.0
6/5/2007,01:35:00,0.270,0.198,235.670,1.400,0.000,1.000,0.0
6/5/2007,01:36:00,0.270,0.200,235.870,1.400,0.000,1.000,0.0
6/5/2007,01:37:00,0.270,0.202,236.420,1.400,0.000,1.000,0.0
6/5/2007,01:38:00,0.270,0.202,236.400,1.400,0.000,1.000,0.0
6/5/2007,01:39:00,0.268,0.204,236.720,1.400,0.000,2.000,0.0
6/5/2007,01:40:00,0.258,0.188,236.750,1.400,0.000,1.000,0.0
6/5/2007,01:41:00,2.062,0.080,234.820,9.000,0.000,1.000,0.0
6/5/2007,01:42:00,2.174,0.078,234.810,9.200,0.000,1.000,0.0
6/5/2007,01:43:00,0.836,0.098,236.680,5.200,0.000,1.000,0.0
6/5/2007,01:44:00,0.204,0.110,237.850,1.000,0.000,1.000,0.0
6/5/2007,01:45:00,0.202,0.108,237.710,1.000,0.000,2.000,0.0
6/5/2007,01:46:00,0.150,0.000,237.860,0.600,0.000,0.000,0.0
6/5/2007,01:47:00,0.132,0.000,237.800,0.600,0.000,0.000,0.0
6/5/2007,01:48:00,0.132,0.000,237.220,0.600,0.000,0.000,0.0
6/5/2007,01:49:00,0.132,0.000,237.070,0.600,0.000,0.000,0.0
6/5/2007,01:50:00,1.528,0.000,235.360,7.600,0.000,0.000,0.0
6/5/2007,01:51:00,2.102,0.000,234.440,8.800,0.000,0.000,0.0
6/5/2007,01:52:00,1.058,0.000,235.670,6.000,0.000,0.000,0.0
6/5/2007,01:53:00,0.130,0.000,236.670,0.600,0.000,0.000,0.0
6/5/2007,01:54:00,0.222,0.078,236.540,1.200,0.000,0.000,0.0
6/5/2007,01:55:00,0.240,0.114,236.660,1.000,0.000,0.000,0.0
6/5/2007,01:56:00,0.236,0.114,236.500,1.000,0.000,0.000,0.0
6/5/2007,01:57:00,0.236,0.114,236.540,1.000,0.000,0.000,0.0
6/5/2007,01:58:00,0.234,0.114,236.250,1.000,0.000,0.000,0.0
6/5/2007,01:59:00,1.316,0.098,234.790,7.000,0.000,0.000,0.0
6/5/2007,02:00:00,2.188,0.086,233.720,9.200,0.000,0.000,0.0
6/5/2007,02:01:00,1.406,0.096,234.410,7.200,0.000,0.000,0.0
6/5/2007,02:02:00,0.228,0.112,235.410,1.000,0.000,0.000,0.0
6/5/2007,02:03:00,0.228,0.108,234.700,1.000,0.000,0.000,0.0
6/5/2007,02:04:00,0.226,0.110,235.190,1.000,0.000,0.000,0.0
6/5/2007,02:05:00,0.226,0.110,235.360,1.000,0.000,0.000,0.0
6/5/2007,02:06:00,0.226,0.110,235.440,1.000,0.000,0.000,0.0
6/5/2007,02:07:00,0.226,0.110,235.580,1.000,0.000,0.000,0.0
6/5/2007,02:08:00,1.064,0.102,235.160,6.200,0.000,0.000,0.0
6/5/2007,02:09:00,2.186,0.086,234.030,9.200,0.000,0.000,0.0
6/5/2007,02:10:00,1.514,0.096,234.850,7.600,0.000,0.000,0.0
6/5/2007,02:11:00,0.216,0.102,236.180,1.000,0.000,0.000,0.0
6/5/2007,02:12:00,0.130,0.000,235.920,0.600,0.000,0.000,0.0
6/5/2007,02:13:00,0.206,0.062,236.020,1.000,0.000,0.000,0.0
6/5/2007,02:14:00,0.206,0.086,236.250,1.000,0.000,0.000,0.0
6/5/2007,02:15:00,0.208,0.086,236.380,1.000,0.000,0.000,0.0
6/5/2007,02:16:00,0.208,0.088,236.980,1.000,0.000,0.000,0.0
6/5/2007,02:17:00,0.452,0.086,236.850,3.400,0.000,0.000,0.0
6/5/2007,02:18:00,2.188,0.064,235.080,9.200,0.000,0.000,0.0
6/5/2007,02:19:00,1.906,0.068,235.590,8.600,0.000,0.000,0.0
6/5/2007,02:20:00,0.204,0.092,238.110,1.000,0.000,0.000,0.0
6/5/2007,02:21:00,0.202,0.090,237.460,1.000,0.000,0.000,0.0
6/5/2007,02:22:00,0.202,0.088,237.040,1.000,0.000,0.000,0.0
6/5/2007,02:23:00,0.202,0.090,237.310,1.000,0.000,0.000,0.0
6/5/2007,02:24:00,0.202,0.090,237.680,1.000,0.000,0.000,0.0
6/5/2007,02:25:00,0.150,0.000,238.000,0.600,0.000,0.000,0.0
6/5/2007,02:26:00,0.178,0.000,237.980,1.400,0.000,0.000,0.0
6/5/2007,02:27:00,2.134,0.000,235.890,9.000,0.000,0.000,0.0
6/5/2007,02:28:00,2.122,0.000,235.740,9.000,0.000,0.000,0.0
6/5/2007,02:29:00,0.224,0.000,237.830,2.000,0.000,0.000,0.0
6/5/2007,02:30:00,0.132,0.000,238.050,0.600,0.000,0.000,0.0
6/5/2007,02:31:00,0.132,0.000,237.260,0.600,0.000,0.000,0.0
6/5/2007,02:32:00,0.132,0.000,237.730,0.600,0.000,0.000,0.0
6/5/2007,02:33:00,0.132,0.000,237.750,0.600,0.000,0.000,0.0
6/5/2007,02:34:00,0.132,0.000,237.660,0.600,0.000,0.000,0.0
6/5/2007,02:35:00,0.132,0.000,237.920,0.600,0.000,0.000,0.0
6/5/2007,02:36:00,0.556,0.000,236.810,4.200,0.000,0.000,0.0
6/5/2007,02:37:00,2.118,0.000,235.310,9.000,0.000,0.000,0.0
6/5/2007,02:38:00,1.970,0.060,235.590,8.800,0.000,0.000,0.0
6/5/2007,02:39:00,0.242,0.116,236.740,1.200,0.000,0.000,0.0
6/5/2007,02:40:00,0.236,0.112,236.160,1.000,0.000,0.000,0.0
6/5/2007,02:41:00,0.236,0.114,236.320,1.000,0.000,0.000,0.0
6/5/2007,02:42:00,0.234,0.114,236.350,1.000,0.000,0.000,0.0
6/5/2007,02:43:00,0.234,0.114,236.460,1.000,0.000,0.000,0.0
6/5/2007,02:44:00,0.232,0.116,236.700,1.000,0.000,0.000,0.0
6/5/2007,02:45:00,0.232,0.116,236.990,1.000,0.000,0.000,0.0
6/5/2007,02:46:00,1.892,0.094,235.030,8.600,0.000,0.000,0.0
6/5/2007,02:47:00,2.202,0.090,234.850,9.200,0.000,0.000,0.0
6/5/2007,02:48:00,0.634,0.110,236.180,4.200,0.000,0.000,0.0
6/5/2007,02:49:00,0.228,0.114,236.720,1.000,0.000,0.000,0.0
6/5/2007,02:50:00,0.226,0.114,236.600,1.000,0.000,0.000,0.0
6/5/2007,02:51:00,0.226,0.116,236.840,1.000,0.000,0.000,0.0
6/5/2007,02:52:00,0.226,0.116,236.730,1.000,0.000,0.000,0.0
6/5/2007,02:53:00,0.226,0.116,236.810,1.000,0.000,0.000,0.0
6/5/2007,02:54:00,0.226,0.114,236.670,1.000,0.000,0.000,0.0
6/5/2007,02:55:00,1.308,0.056,235.230,6.800,0.000,0.000,0.0
6/5/2007,02:56:00,2.084,0.000,233.400,8.800,0.000,0.000,0.0
6/5/2007,02:57:00,1.340,0.000,234.370,7.000,0.000,0.000,0.0
6/5/2007,02:58:00,0.208,0.086,236.460,1.000,0.000,0.000,0.0
6/5/2007,02:59:00,0.206,0.084,235.640,1.000,0.000,0.000,0.0
6/5/2007,03:00:00,0.208,0.088,236.480,1.000,0.000,0.000,0.0
6/5/2007,03:01:00,0.206,0.088,236.630,1.000,0.000,0.000,0.0
6/5/2007,03:02:00,0.206,0.086,236.330,1.000,0.000,0.000,0.0
6/5/2007,03:03:00,0.204,0.088,236.560,1.000,0.000,0.000,0.0
6/5/2007,03:04:00,0.202,0.088,236.590,1.000,0.000,0.000,0.0
6/5/2007,03:05:00,1.298,0.074,235.590,6.800,0.000,0.000,0.0
6/5/2007,03:06:00,2.170,0.062,234.530,9.200,0.000,0.000,0.0
6/5/2007,03:07:00,1.672,0.068,235.000,8.000,0.000,0.000,0.0
6/5/2007,03:08:00,0.370,0.084,235.990,2.200,0.000,0.000,1.0
6/5/2007,03:09:00,1.220,0.000,235.710,5.200,0.000,0.000,18.0
6/5/2007,03:10:00,1.192,0.000,235.900,5.000,0.000,0.000,18.0
6/5/2007,03:11:00,1.180,0.000,236.060,5.000,0.000,0.000,17.0
6/5/2007,03:12:00,1.168,0.000,235.690,4.800,0.000,0.000,17.0
6/5/2007,03:13:00,1.164,0.000,235.750,4.800,0.000,0.000,18.0
6/5/2007,03:14:00,1.288,0.000,235.760,5.800,0.000,0.000,17.0
6/5/2007,03:15:00,3.110,0.000,233.760,13.200,0.000,0.000,16.0
6/5/2007,03:16:00,3.102,0.000,233.720,13.200,0.000,0.000,17.0
6/5/2007,03:17:00,1.300,0.000,235.610,5.800,0.000,0.000,17.0
6/5/2007,03:18:00,1.170,0.000,237.070,4.800,0.000,0.000,18.0
6/5/2007,03:19:00,1.168,0.000,236.840,4.800,0.000,0.000,17.0
6/5/2007,03:20:00,1.162,0.000,236.390,4.800,0.000,0.000,17.0
6/5/2007,03:21:00,1.164,0.000,236.400,4.800,0.000,0.000,17.0
6/5/2007,03:22:00,1.232,0.046,235.990,5.200,0.000,0.000,17.0
6/5/2007,03:23:00,1.266,0.100,235.840,5.400,0.000,0.000,17.0
6/5/2007,03:24:00,2.074,0.092,235.040,9.600,0.000,0.000,17.0
6/5/2007,03:25:00,3.198,0.080,233.510,13.600,0.000,0.000,17.0
6/5/2007,03:26:00,2.748,0.082,233.440,12.200,0.000,0.000,17.0
6/5/2007,03:27:00,1.256,0.100,235.620,5.200,0.000,0.000,17.0
6/5/2007,03:28:00,1.254,0.100,235.710,5.200,0.000,0.000,17.0
6/5/2007,03:29:00,1.250,0.100,235.440,5.200,0.000,0.000,17.0
6/5/2007,03:30:00,1.248,0.100,235.330,5.200,0.000,0.000,17.0
6/5/2007,03:31:00,1.252,0.100,235.700,5.200,0.000,0.000,17.0
6/5/2007,03:32:00,1.250,0.100,235.740,5.200,0.000,0.000,17.0
6/5/2007,03:33:00,2.152,0.092,235.190,10.000,0.000,0.000,17.0
6/5/2007,03:34:00,3.212,0.082,234.390,13.600,0.000,0.000,16.0
6/5/2007,03:35:00,2.612,0.090,235.240,11.600,0.000,0.000,17.0
6/5/2007,03:36:00,1.252,0.102,236.160,5.200,0.000,0.000,18.0
6/5/2007,03:37:00,1.292,0.134,236.390,5.400,0.000,0.000,17.0
6/5/2007,03:38:00,1.336,0.220,236.320,5.600,0.000,1.000,17.0
6/5/2007,03:39:00,1.292,0.158,236.620,5.400,0.000,1.000,17.0
6/5/2007,03:40:00,1.248,0.094,236.780,5.200,0.000,2.000,17.0
6/5/2007,03:41:00,1.276,0.106,236.900,5.400,0.000,1.000,17.0
6/5/2007,03:42:00,2.128,0.184,235.740,10.000,0.000,2.000,17.0
6/5/2007,03:43:00,3.264,0.170,233.970,13.800,0.000,1.000,17.0
6/5/2007,03:44:00,2.604,0.178,234.630,12.200,0.000,1.000,14.0
6/5/2007,03:45:00,0.292,0.208,237.490,1.400,0.000,2.000,0.0
6/5/2007,03:46:00,0.292,0.210,238.100,1.400,0.000,1.000,0.0
6/5/2007,03:47:00,0.290,0.210,237.780,1.400,0.000,2.000,0.0
6/5/2007,03:48:00,0.288,0.210,237.920,1.400,0.000,1.000,0.0
6/5/2007,03:49:00,0.286,0.210,237.820,1.400,0.000,1.000,0.0
6/5/2007,03:50:00,0.284,0.210,237.940,1.400,0.000,2.000,0.0
6/5/2007,03:51:00,0.282,0.210,237.990,1.400,0.000,1.000,0.0
6/5/2007,03:52:00,2.234,0.182,235.620,9.600,0.000,1.000,0.0
6/5/2007,03:53:00,2.218,0.120,235.450,9.400,0.000,2.000,0.0
6/5/2007,03:54:00,0.768,0.100,236.830,5.000,0.000,1.000,0.0
6/5/2007,03:55:00,0.210,0.108,237.900,1.000,0.000,1.000,0.0
6/5/2007,03:56:00,0.208,0.110,237.920,1.000,0.000,2.000,0.0
6/5/2007,03:57:00,0.208,0.108,237.910,1.000,0.000,1.000,0.0
6/5/2007,03:58:00,0.208,0.106,237.070,1.000,0.000,1.000,0.0
6/5/2007,03:59:00,0.206,0.104,236.410,1.000,0.000,1.000,0.0
6/5/2007,04:00:00,0.206,0.102,236.090,1.000,0.000,2.000,0.0
6/5/2007,04:01:00,1.776,0.082,234.380,8.200,0.000,1.000,0.0
6/5/2007,04:02:00,2.158,0.076,233.620,9.200,0.000,1.000,0.0
6/5/2007,04:03:00,0.934,0.092,234.990,5.600,0.000,1.000,0.0
6/5/2007,04:04:00,0.204,0.104,236.320,1.000,0.000,1.000,0.0
6/5/2007,04:05:00,0.204,0.104,236.380,1.000,0.000,2.000,0.0
6/5/2007,04:06:00,0.204,0.102,235.960,1.000,0.000,1.000,0.0
6/5/2007,04:07:00,0.300,0.204,236.500,1.600,0.000,1.000,0.0
6/5/2007,04:08:00,0.312,0.232,236.880,1.600,0.000,1.000,0.0
6/5/2007,04:09:00,0.308,0.232,236.760,1.600,0.000,1.000,0.0
6/5/2007,04:10:00,2.186,0.204,234.370,9.400,0.000,2.000,0.0
6/5/2007,04:11:00,2.266,0.202,234.310,9.600,0.000,1.000,0.0
6/5/2007,04:12:00,0.796,0.224,235.950,5.000,0.000,1.000,0.0
6/5/2007,04:13:00,0.304,0.234,237.290,1.600,0.000,1.000,0.0
6/5/2007,04:14:00,0.302,0.236,237.480,1.600,0.000,1.000,0.0
6/5/2007,04:15:00,0.300,0.236,237.580,1.600,0.000,1.000,0.0
6/5/2007,04:16:00,0.300,0.234,237.100,1.600,0.000,2.000,0.0
6/5/2007,04:17:00,0.298,0.232,236.850,1.600,0.000,1.000,0.0
6/5/2007,04:18:00,0.472,0.228,236.380,3.200,0.000,1.000,0.0
6/5/2007,04:19:00,2.264,0.202,234.290,9.600,0.000,1.000,0.0
6/5/2007,04:20:00,2.254,0.202,234.090,9.600,0.000,1.000,0.0
6/5/2007,04:21:00,0.544,0.222,235.360,3.600,0.000,1.000,0.0
6/5/2007,04:22:00,0.294,0.226,235.860,1.600,0.000,2.000,0.0
6/5/2007,04:23:00,0.292,0.226,235.890,1.600,0.000,1.000,0.0
6/5/2007,04:24:00,0.212,0.114,236.200,1.000,0.000,1.000,0.0
6/5/2007,04:25:00,0.132,0.000,236.930,0.600,0.000,0.000,0.0
6/5/2007,04:26:00,0.172,0.000,236.800,1.000,0.000,0.000,0.0
6/5/2007,04:27:00,0.574,0.084,236.030,4.000,0.000,0.000,0.0
6/5/2007,04:28:00,2.188,0.062,234.540,9.200,0.000,0.000,0.0
6/5/2007,04:29:00,2.176,0.062,234.480,9.200,0.000,0.000,0.0
6/5/2007,04:30:00,0.280,0.086,236.650,2.000,0.000,0.000,0.0
6/5/2007,04:31:00,0.206,0.086,236.310,1.000,0.000,0.000,0.0
6/5/2007,04:32:00,0.206,0.088,236.880,1.000,0.000,0.000,0.0
6/5/2007,04:33:00,0.204,0.088,236.960,1.000,0.000,0.000,0.0
6/5/2007,04:34:00,0.202,0.088,236.800,1.000,0.000,0.000,0.0
6/5/2007,04:35:00,0.202,0.088,236.690,1.000,0.000,0.000,0.0
6/5/2007,04:36:00,1.152,0.078,236.220,6.400,0.000,0.000,0.0
6/5/2007,04:37:00,2.184,0.064,235.390,9.200,0.000,0.000,0.0
6/5/2007,04:38:00,1.666,0.000,235.510,7.800,0.000,0.000,0.0
6/5/2007,04:39:00,0.132,0.000,237.200,0.600,0.000,0.000,0.0
6/5/2007,04:40:00,0.132,0.000,236.780,0.600,0.000,0.000,0.0
6/5/2007,04:41:00,0.132,0.000,237.190,0.600,0.000,0.000,0.0
6/5/2007,04:42:00,0.132,0.000,237.320,0.600,0.000,0.000,0.0
6/5/2007,04:43:00,0.132,0.000,237.150,0.600,0.000,0.000,0.0
6/5/2007,04:44:00,0.132,0.000,236.890,0.600,0.000,0.000,0.0
6/5/2007,04:45:00,0.998,0.000,235.890,6.000,0.000,0.000,0.0
6/5/2007,04:46:00,2.110,0.000,234.780,9.000,0.000,0.000,0.0
6/5/2007,04:47:00,1.938,0.000,235.150,8.400,0.000,0.000,0.0
6/5/2007,04:48:00,0.132,0.000,237.500,0.600,0.000,0.000,0.0
6/5/2007,04:49:00,0.132,0.000,236.730,0.600,0.000,0.000,0.0
6/5/2007,04:50:00,0.132,0.000,236.880,0.600,0.000,0.000,0.0
6/5/2007,04:51:00,0.132,0.000,236.830,0.600,0.000,0.000,0.0
6/5/2007,04:52:00,0.230,0.090,236.830,1.200,0.000,0.000,0.0
6/5/2007,04:53:00,0.242,0.116,236.690,1.200,0.000,0.000,0.0
6/5/2007,04:54:00,1.004,0.106,235.780,5.800,0.000,0.000,0.0
6/5/2007,04:55:00,2.210,0.090,234.620,9.400,0.000,0.000,0.0
6/5/2007,04:56:00,1.808,0.094,234.790,8.400,0.000,0.000,0.0
6/5/2007,04:57:00,0.234,0.116,236.650,1.000,0.000,0.000,0.0
6/5/2007,04:58:00,0.232,0.114,236.250,1.000,0.000,0.000,0.0
6/5/2007,04:59:00,0.232,0.116,236.880,1.000,0.000,0.000,0.0
6/5/2007,05:00:00,0.232,0.118,236.910,1.000,0.000,0.000,0.0
6/5/2007,05:01:00,0.230,0.116,236.700,1.000,0.000,0.000,0.0
6/5/2007,05:02:00,0.230,0.116,236.870,1.000,0.000,0.000,0.0
6/5/2007,05:03:00,1.558,0.100,235.840,7.600,0.000,0.000,0.0
6/5/2007,05:04:00,2.208,0.092,235.290,9.400,0.000,0.000,0.0
6/5/2007,05:05:00,1.370,0.102,236.090,7.000,0.000,0.000,0.0
6/5/2007,05:06:00,0.228,0.118,237.400,1.000,0.000,0.000,0.0
6/5/2007,05:07:00,0.226,0.116,236.840,1.000,0.000,0.000,0.0
6/5/2007,05:08:00,0.226,0.118,237.210,1.000,0.000,0.000,0.0
6/5/2007,05:09:00,0.136,0.000,237.280,0.600,0.000,0.000,0.0
6/5/2007,05:10:00,0.132,0.000,237.030,0.600,0.000,0.000,0.0
6/5/2007,05:11:00,0.132,0.000,236.960,0.600,0.000,0.000,0.0
6/5/2007,05:12:00,1.756,0.000,235.290,8.200,0.000,0.000,0.0
6/5/2007,05:13:00,2.178,0.062,234.690,9.200,0.000,0.000,0.0
6/5/2007,05:14:00,1.130,0.076,235.920,6.400,0.000,0.000,0.0
6/5/2007,05:15:00,0.208,0.088,236.730,1.000,0.000,0.000,0.0
6/5/2007,05:16:00,0.206,0.086,236.290,1.000,0.000,0.000,0.0
6/5/2007,05:17:00,0.206,0.088,236.880,1.000,0.000,0.000,0.0
6/5/2007,05:18:00,0.206,0.088,236.870,1.000,0.000,0.000,0.0
6/5/2007,05:19:00,0.204,0.088,236.930,1.000,0.000,0.000,0.0
6/5/2007,05:20:00,0.266,0.086,236.960,1.800,0.000,0.000,0.0
6/5/2007,05:21:00,2.198,0.064,235.660,9.200,0.000,0.000,0.0
6/5/2007,05:22:00,2.184,0.064,235.420,9.200,0.000,0.000,0.0
6/5/2007,05:23:00,0.570,0.082,237.100,4.000,0.000,0.000,0.0
6/5/2007,05:24:00,0.132,0.000,237.730,0.600,0.000,0.000,0.0
6/5/2007,05:25:00,0.132,0.000,237.600,0.600,0.000,0.000,0.0
6/5/2007,05:26:00,0.132,0.000,236.480,0.600,0.000,0.000,0.0
6/5/2007,05:27:00,0.132,0.000,236.960,0.600,0.000,0.000,0.0
6/5/2007,05:28:00,0.132,0.000,237.230,0.600,0.000,0.000,0.0
6/5/2007,05:29:00,0.522,0.000,236.860,4.000,0.000,0.000,0.0
6/5/2007,05:30:00,2.118,0.000,235.240,9.000,0.000,0.000,0.0
6/5/2007,05:31:00,1.884,0.000,235.480,8.400,0.000,0.000,0.0
6/5/2007,05:32:00,0.132,0.000,236.990,0.600,0.000,0.000,0.0
6/5/2007,05:33:00,0.132,0.000,237.900,0.600,0.000,0.000,0.0
6/5/2007,05:34:00,0.132,0.000,237.710,0.600,0.000,0.000,0.0
6/5/2007,05:35:00,0.132,0.000,237.480,0.600,0.000,0.000,0.0
6/5/2007,05:36:00,0.162,0.000,238.000,0.800,0.000,0.000,0.0
6/5/2007,05:37:00,0.244,0.120,238.000,1.200,0.000,0.000,0.0
6/5/2007,05:38:00,0.242,0.120,238.040,1.200,0.000,0.000,0.0
6/5/2007,05:39:00,2.150,0.094,236.020,9.200,0.000,0.000,0.0
6/5/2007,05:40:00,2.232,0.094,236.090,9.400,0.000,0.000,0.0
6/5/2007,05:41:00,0.562,0.116,237.980,3.800,0.000,0.000,0.0
6/5/2007,05:42:00,0.236,0.118,237.830,1.000,0.000,0.000,0.0
6/5/2007,05:43:00,0.232,0.116,237.030,1.000,0.000,0.000,0.0
6/5/2007,05:44:00,0.234,0.118,237.860,1.000,0.000,0.000,0.0
6/5/2007,05:45:00,0.234,0.124,238.980,1.000,0.000,0.000,0.0
6/5/2007,05:46:00,0.232,0.124,238.940,1.000,0.000,0.000,0.0
6/5/2007,05:47:00,1.126,0.110,237.600,6.400,0.000,0.000,0.0
6/5/2007,05:48:00,2.274,0.092,235.670,9.600,0.000,0.000,0.0
6/5/2007,05:49:00,1.684,0.098,236.100,8.000,0.000,0.000,0.0
6/5/2007,05:50:00,0.286,0.118,237.770,1.200,0.000,0.000,0.0
6/5/2007,05:51:00,0.286,0.118,237.820,1.200,0.000,0.000,0.0
6/5/2007,05:52:00,0.284,0.116,237.330,1.200,0.000,0.000,0.0
6/5/2007,05:53:00,0.226,0.000,237.910,1.000,0.000,0.000,0.0
6/5/2007,05:54:00,0.402,0.000,237.920,1.800,0.000,0.000,0.0
6/5/2007,05:55:00,1.122,0.000,237.020,6.000,0.000,0.000,0.0
6/5/2007,05:56:00,2.510,0.000,235.460,10.600,0.000,0.000,0.0
6/5/2007,05:57:00,2.608,0.000,235.250,11.000,0.000,0.000,0.0
6/5/2007,05:58:00,1.452,0.000,236.340,7.200,0.000,0.000,0.0
6/5/2007,05:59:00,0.706,0.078,237.190,3.000,0.000,0.000,0.0
6/5/2007,06:00:00,1.108,0.168,236.670,5.600,0.000,0.000,0.0
6/5/2007,06:01:00,2.228,0.308,234.880,9.800,0.000,0.000,0.0
6/5/2007,06:02:00,1.392,0.218,236.770,7.000,0.000,0.000,0.0
6/5/2007,06:03:00,0.586,0.084,237.910,2.400,0.000,0.000,0.0
6/5/2007,06:04:00,1.298,0.076,236.900,6.800,0.000,0.000,0.0
6/5/2007,06:05:00,2.570,0.062,235.790,10.800,0.000,0.000,0.0
6/5/2007,06:06:00,2.566,0.062,235.840,10.800,0.000,0.000,0.0
6/5/2007,06:07:00,1.352,0.076,237.210,7.000,0.000,0.000,0.0
6/5/2007,06:08:00,0.584,0.086,238.560,2.400,0.000,0.000,0.0
6/5/2007,06:09:00,0.580,0.084,238.020,2.400,0.000,0.000,0.0
6/5/2007,06:10:00,0.544,0.000,237.980,2.200,0.000,0.000,0.0
6/5/2007,06:11:00,0.514,0.000,238.230,2.200,0.000,0.000,0.0
6/5/2007,06:12:00,0.512,0.000,238.030,2.200,0.000,0.000,0.0
6/5/2007,06:13:00,1.494,0.000,237.270,7.600,0.000,0.000,0.0
6/5/2007,06:14:00,2.508,0.000,236.250,10.600,0.000,0.000,0.0
6/5/2007,06:15:00,2.502,0.000,236.080,10.600,0.000,0.000,0.0
6/5/2007,06:16:00,1.034,0.000,237.770,5.600,0.000,0.000,0.0
6/5/2007,06:17:00,0.518,0.000,238.260,2.200,0.000,0.000,0.0
6/5/2007,06:18:00,0.856,0.000,237.550,3.600,0.000,0.000,0.0
6/5/2007,06:19:00,0.898,0.000,238.430,3.800,0.000,0.000,0.0
6/5/2007,06:20:00,0.942,0.108,238.480,4.000,0.000,1.000,0.0
6/5/2007,06:21:00,0.964,0.124,238.480,4.000,0.000,1.000,0.0
6/5/2007,06:22:00,2.126,0.226,237.430,9.800,0.000,2.000,0.0
6/5/2007,06:23:00,3.046,0.214,236.550,12.800,0.000,1.000,0.0
6/5/2007,06:24:00,3.036,0.214,236.370,12.800,0.000,1.000,0.0
6/5/2007,06:25:00,1.310,0.236,238.120,6.200,0.000,2.000,0.0
6/5/2007,06:26:00,1.040,0.236,237.860,4.400,0.000,1.000,0.0
6/5/2007,06:27:00,1.034,0.234,237.280,4.400,0.000,2.000,0.0
6/5/2007,06:28:00,1.036,0.236,237.680,4.400,0.000,1.000,0.0
6/5/2007,06:29:00,1.034,0.234,237.550,4.400,0.000,2.000,0.0
6/5/2007,06:30:00,1.032,0.234,237.560,4.400,0.000,1.000,0.0
6/5/2007,06:31:00,2.238,0.220,236.270,10.400,0.000,1.000,0.0
6/5/2007,06:32:00,3.016,0.212,235.700,12.800,0.000,2.000,0.0
6/5/2007,06:33:00,3.056,0.212,235.870,12.800,0.000,1.000,0.0
6/5/2007,06:34:00,1.322,0.232,237.610,6.400,0.000,1.000,0.0
6/5/2007,06:35:00,1.054,0.236,237.990,4.400,0.000,2.000,0.0
6/5/2007,06:36:00,1.120,0.232,237.370,4.800,0.000,1.000,0.0
6/5/2007,06:37:00,1.122,0.234,237.630,4.800,0.000,1.000,0.0
6/5/2007,06:38:00,1.080,0.180,237.800,4.600,0.000,1.000,0.0
6/5/2007,06:39:00,1.026,0.106,238.000,4.400,0.000,2.000,0.0
6/5/2007,06:40:00,1.402,0.102,237.600,6.800,0.000,1.000,0.0
6/5/2007,06:41:00,3.014,0.082,235.650,12.800,0.000,1.000,0.0
6/5/2007,06:42:00,3.026,0.090,235.620,12.800,0.000,1.000,0.0
6/5/2007,06:43:00,2.460,0.184,236.000,11.200,0.000,2.000,0.0
6/5/2007,06:44:00,1.100,0.204,237.480,4.600,0.000,1.000,0.0
6/5/2007,06:45:00,1.098,0.200,237.000,4.600,0.000,1.000,0.0
6/5/2007,06:46:00,1.102,0.196,236.210,4.800,0.000,1.000,0.0
6/5/2007,06:47:00,1.102,0.200,236.860,4.800,0.000,2.000,0.0
6/5/2007,06:48:00,1.090,0.202,236.990,4.600,0.000,1.000,0.0
6/5/2007,06:49:00,1.240,0.200,236.780,5.800,0.000,1.000,0.0
6/5/2007,06:50:00,3.060,0.180,234.880,13.000,0.000,1.000,0.0
6/5/2007,06:51:00,3.062,0.178,234.780,13.000,0.000,1.000,0.0
6/5/2007,06:52:00,2.956,0.180,234.630,12.600,0.000,1.000,0.0
6/5/2007,06:53:00,1.086,0.200,236.690,4.600,0.000,2.000,0.0
6/5/2007,06:54:00,1.044,0.148,236.900,4.400,0.000,1.000,0.0
6/5/2007,06:55:00,1.010,0.102,236.870,4.200,0.000,1.000,0.0
6/5/2007,06:56:00,1.012,0.100,236.330,4.200,0.000,1.000,0.0
6/5/2007,06:57:00,1.018,0.102,237.080,4.200,0.000,1.000,0.0
6/5/2007,06:58:00,1.020,0.102,237.340,4.200,0.000,1.000,0.0
6/5/2007,06:59:00,2.084,0.092,236.390,9.800,0.000,2.000,0.0
6/5/2007,07:00:00,2.998,0.080,235.360,12.600,0.000,1.000,0.0
6/5/2007,07:01:00,3.000,0.082,235.640,12.600,0.000,1.000,0.0
6/5/2007,07:02:00,1.464,0.098,237.120,7.000,0.000,1.000,0.0
6/5/2007,07:03:00,1.024,0.102,237.630,4.400,0.000,1.000,0.0
6/5/2007,07:04:00,0.974,0.000,237.380,4.200,0.000,1.000,0.0
6/5/2007,07:05:00,0.982,0.000,236.700,4.200,0.000,0.000,0.0
6/5/2007,07:06:00,1.066,0.114,237.590,4.400,0.000,0.000,0.0
6/5/2007,07:07:00,1.068,0.112,237.170,4.600,0.000,0.000,0.0
6/5/2007,07:08:00,1.910,0.104,236.360,9.000,0.000,0.000,0.0
6/5/2007,07:09:00,3.042,0.092,235.320,12.800,0.000,0.000,0.0
6/5/2007,07:10:00,3.032,0.094,235.340,12.800,0.000,0.000,0.0
6/5/2007,07:11:00,2.170,0.104,236.270,10.000,0.000,0.000,0.0
6/5/2007,07:12:00,1.052,0.114,236.980,4.400,0.000,0.000,0.0
6/5/2007,07:13:00,1.050,0.114,236.670,4.400,0.000,0.000,0.0
6/5/2007,07:14:00,1.040,0.112,236.150,4.400,0.000,0.000,0.0
6/5/2007,07:15:00,1.046,0.116,237.310,4.400,0.000,0.000,0.0
6/5/2007,07:16:00,1.044,0.116,236.940,4.400,0.000,0.000,0.0
6/5/2007,07:17:00,1.054,0.114,237.090,4.400,0.000,0.000,0.0
6/5/2007,07:18:00,3.012,0.092,234.780,12.800,0.000,0.000,0.0
6/5/2007,07:19:00,3.004,0.090,234.140,12.800,0.000,0.000,0.0
6/5/2007,07:20:00,2.694,0.092,234.640,11.800,0.000,0.000,0.0
6/5/2007,07:21:00,1.040,0.098,236.350,4.400,0.000,0.000,0.0
6/5/2007,07:22:00,0.962,0.000,236.520,4.000,0.000,0.000,0.0
6/5/2007,07:23:00,0.960,0.000,236.380,4.000,0.000,0.000,0.0
6/5/2007,07:24:00,0.962,0.000,236.950,4.000,0.000,0.000,0.0
6/5/2007,07:25:00,0.958,0.000,237.100,4.000,0.000,0.000,0.0
6/5/2007,07:26:00,0.980,0.000,236.900,5.600,0.000,0.000,0.0
6/5/2007,07:27:00,2.116,0.000,235.540,9.000,0.000,0.000,0.0
6/5/2007,07:28:00,0.196,0.000,237.600,1.000,0.000,0.000,0.0
6/5/2007,07:29:00,0.208,0.090,237.190,1.000,0.000,0.000,0.0
6/5/2007,07:30:00,0.208,0.090,237.110,1.000,0.000,0.000,0.0
6/5/2007,07:31:00,0.208,0.090,237.310,1.000,0.000,0.000,0.0
6/5/2007,07:32:00,0.206,0.088,236.510,1.000,0.000,0.000,0.0
6/5/2007,07:33:00,0.206,0.090,236.960,1.000,0.000,0.000,0.0
6/5/2007,07:34:00,0.204,0.090,237.050,1.000,0.000,0.000,0.0
6/5/2007,07:35:00,0.204,0.090,236.800,1.000,0.000,0.000,0.0
6/5/2007,07:36:00,0.202,0.090,237.180,1.000,0.000,0.000,0.0
6/5/2007,07:37:00,0.238,0.090,237.440,1.000,0.000,0.000,0.0
6/5/2007,07:38:00,0.242,0.090,237.380,1.000,0.000,0.000,0.0
6/5/2007,07:39:00,0.184,0.066,237.660,0.800,0.000,0.000,0.0
6/5/2007,07:40:00,0.132,0.000,237.890,0.600,0.000,0.000,0.0
6/5/2007,07:41:00,0.132,0.000,237.520,0.600,0.000,0.000,0.0
6/5/2007,07:42:00,0.132,0.000,238.390,0.600,0.000,0.000,0.0
6/5/2007,07:43:00,0.132,0.000,238.130,0.600,0.000,0.000,0.0
6/5/2007,07:44:00,0.132,0.000,238.250,0.600,0.000,0.000,0.0
6/5/2007,07:45:00,0.132,0.000,238.630,0.600,0.000,0.000,0.0
6/5/2007,07:46:00,0.132,0.000,238.400,0.600,0.000,0.000,0.0
6/5/2007,07:47:00,0.132,0.000,238.380,0.600,0.000,0.000,0.0
6/5/2007,07:48:00,0.132,0.000,237.930,0.600,0.000,0.000,0.0
6/5/2007,07:49:00,0.132,0.000,237.160,0.600,0.000,0.000,0.0
6/5/2007,07:50:00,0.176,0.000,237.530,1.000,0.000,0.000,0.0
6/5/2007,07:51:00,0.244,0.120,237.420,1.200,0.000,0.000,0.0
6/5/2007,07:52:00,0.240,0.120,237.690,1.200,0.000,0.000,0.0
6/5/2007,07:53:00,0.238,0.120,237.550,1.000,0.000,0.000,0.0
6/5/2007,07:54:00,0.344,0.110,237.290,1.600,0.000,0.000,0.0
6/5/2007,07:55:00,0.416,0.106,237.360,2.000,0.000,0.000,0.0
6/5/2007,07:56:00,0.412,0.108,237.260,2.000,0.000,0.000,0.0
6/5/2007,07:57:00,0.420,0.104,237.160,2.000,0.000,0.000,0.0
6/5/2007,07:58:00,0.418,0.102,237.070,2.000,0.000,0.000,0.0
6/5/2007,07:59:00,0.418,0.100,236.380,2.000,0.000,0.000,0.0
6/5/2007,08:00:00,1.386,0.090,236.090,7.200,0.000,0.000,0.0
6/5/2007,08:01:00,2.400,0.074,234.780,10.200,0.000,0.000,0.0
6/5/2007,08:02:00,2.396,0.074,234.790,10.200,0.000,0.000,0.0
6/5/2007,08:03:00,2.386,0.072,234.210,10.200,0.000,0.000,0.0
6/5/2007,08:04:00,2.372,0.070,233.470,10.200,0.000,0.000,0.0
6/5/2007,08:05:00,2.370,0.068,233.350,10.200,0.000,0.000,0.0
6/5/2007,08:06:00,2.668,0.068,233.740,12.000,0.000,0.000,0.0
6/5/2007,08:07:00,6.126,0.076,230.160,26.600,0.000,0.000,0.0
6/5/2007,08:08:00,5.370,0.074,230.630,23.400,0.000,0.000,0.0
6/5/2007,08:09:00,5.170,0.000,230.630,22.600,0.000,0.000,0.0
6/5/2007,08:10:00,2.340,0.050,234.070,10.000,0.000,0.000,0.0
6/5/2007,08:11:00,2.366,0.050,233.910,10.000,0.000,0.000,0.0
6/5/2007,08:12:00,2.286,0.048,234.160,9.800,0.000,0.000,0.0
6/5/2007,08:13:00,2.282,0.046,234.140,9.800,0.000,0.000,0.0
6/5/2007,08:14:00,2.316,0.000,234.410,9.800,0.000,0.000,0.0
6/5/2007,08:15:00,2.368,0.046,234.090,10.000,0.000,0.000,0.0
6/5/2007,08:16:00,2.776,0.000,233.010,12.000,0.000,0.000,0.0
6/5/2007,08:17:00,3.614,0.000,231.940,15.800,0.000,0.000,0.0
6/5/2007,08:18:00,2.826,0.000,233.300,12.400,0.000,0.000,0.0
6/5/2007,08:19:00,4.040,0.076,231.440,17.600,0.000,0.000,0.0
6/5/2007,08:20:00,2.986,0.050,232.650,13.400,0.000,0.000,0.0
6/5/2007,08:21:00,2.414,0.000,233.510,10.400,0.000,0.000,0.0
6/5/2007,08:22:00,2.440,0.000,233.510,10.400,0.000,0.000,0.0
6/5/2007,08:23:00,2.466,0.046,233.920,10.600,0.000,0.000,0.0
6/5/2007,08:24:00,2.402,0.046,233.460,10.200,0.000,0.000,0.0
6/5/2007,08:25:00,2.396,0.000,232.790,10.400,0.000,0.000,0.0
6/5/2007,08:26:00,2.366,0.000,231.200,10.200,0.000,0.000,0.0
6/5/2007,08:27:00,2.322,0.000,232.450,10.000,0.000,0.000,0.0
6/5/2007,08:28:00,2.318,0.048,232.760,10.000,0.000,0.000,0.0
6/5/2007,08:29:00,2.322,0.046,233.040,10.000,0.000,0.000,0.0
6/5/2007,08:30:00,2.324,0.050,232.730,10.000,0.000,0.000,0.0
6/5/2007,08:31:00,2.338,0.000,231.970,10.000,0.000,0.000,0.0
6/5/2007,08:32:00,2.404,0.068,231.790,10.400,0.000,0.000,0.0
6/5/2007,08:33:00,2.438,0.072,233.070,10.400,0.000,0.000,0.0
6/5/2007,08:34:00,2.430,0.072,233.100,10.400,0.000,0.000,0.0
6/5/2007,08:35:00,2.434,0.072,233.110,10.400,0.000,0.000,0.0
6/5/2007,08:36:00,2.428,0.070,232.910,10.400,0.000,0.000,0.0
6/5/2007,08:37:00,2.414,0.076,233.590,10.400,0.000,0.000,0.0
6/5/2007,08:38:00,2.430,0.074,233.750,10.400,0.000,0.000,0.0
6/5/2007,08:39:00,2.414,0.074,233.500,10.400,0.000,0.000,0.0
6/5/2007,08:40:00,2.592,0.070,233.220,11.200,0.000,0.000,2.0
6/5/2007,08:41:00,3.396,0.064,232.400,14.600,0.000,0.000,17.0
6/5/2007,08:42:00,3.356,0.058,231.190,14.400,0.000,0.000,17.0
6/5/2007,08:43:00,3.580,0.056,231.040,15.400,0.000,0.000,17.0
6/5/2007,08:44:00,3.634,0.060,232.060,15.600,0.000,0.000,16.0
6/5/2007,08:45:00,3.624,0.060,231.970,15.600,0.000,0.000,17.0
6/5/2007,08:46:00,3.388,0.062,232.090,14.600,0.000,0.000,17.0
6/5/2007,08:47:00,3.350,0.064,232.220,14.400,0.000,0.000,16.0
6/5/2007,08:48:00,3.410,0.000,232.020,14.600,0.000,0.000,17.0
6/5/2007,08:49:00,3.574,0.000,231.510,15.400,0.000,0.000,16.0
6/5/2007,08:50:00,3.332,0.000,231.540,14.400,0.000,0.000,17.0
6/5/2007,08:51:00,3.244,0.052,232.140,14.000,0.000,0.000,16.0
6/5/2007,08:52:00,3.240,0.052,232.030,14.000,0.000,0.000,17.0
6/5/2007,08:53:00,3.270,0.052,232.910,14.000,0.000,0.000,17.0
6/5/2007,08:54:00,3.258,0.052,232.580,14.000,0.000,0.000,16.0
6/5/2007,08:55:00,3.256,0.052,232.490,14.000,0.000,0.000,17.0
6/5/2007,08:56:00,3.276,0.054,233.040,14.000,0.000,0.000,16.0
6/5/2007,08:57:00,3.228,0.054,232.000,13.800,0.000,0.000,17.0
6/5/2007,08:58:00,3.204,0.058,230.820,13.800,0.000,0.000,16.0
6/5/2007,08:59:00,3.250,0.000,231.330,14.000,0.000,0.000,17.0
6/5/2007,09:00:00,3.360,0.074,231.390,14.400,0.000,0.000,16.0
6/5/2007,09:01:00,3.396,0.158,230.750,14.600,0.000,2.000,17.0
6/5/2007,09:02:00,3.390,0.158,230.540,14.600,0.000,1.000,16.0
6/5/2007,09:03:00,3.402,0.158,230.960,14.800,0.000,2.000,16.0
6/5/2007,09:04:00,3.394,0.158,230.640,14.600,0.000,1.000,17.0
6/5/2007,09:05:00,3.386,0.154,230.290,14.600,0.000,1.000,16.0
6/5/2007,09:06:00,3.388,0.154,230.350,14.600,0.000,2.000,16.0
6/5/2007,09:07:00,3.374,0.154,230.090,14.600,0.000,1.000,16.0
6/5/2007,09:08:00,3.366,0.154,229.750,14.600,0.000,2.000,17.0
6/5/2007,09:09:00,3.366,0.154,229.830,14.600,0.000,1.000,16.0
6/5/2007,09:10:00,3.338,0.152,229.120,14.600,0.000,1.000,16.0
6/5/2007,09:11:00,3.362,0.158,230.220,14.600,0.000,2.000,16.0
6/5/2007,09:12:00,3.348,0.116,230.870,14.400,0.000,1.000,17.0
6/5/2007,09:13:00,3.322,0.062,230.870,14.400,0.000,1.000,16.0
6/5/2007,09:14:00,3.334,0.062,231.190,14.400,0.000,2.000,16.0
6/5/2007,09:15:00,3.316,0.060,230.700,14.400,0.000,1.000,17.0
6/5/2007,09:16:00,3.332,0.086,230.230,14.400,0.000,1.000,16.0
6/5/2007,09:17:00,3.396,0.178,229.870,14.800,0.000,2.000,16.0
6/5/2007,09:18:00,3.398,0.182,230.170,14.800,0.000,1.000,17.0
6/5/2007,09:19:00,3.384,0.182,229.870,14.600,0.000,1.000,16.0
6/5/2007,09:20:00,3.380,0.182,229.740,14.600,0.000,1.000,16.0
6/5/2007,09:21:00,3.366,0.178,229.260,14.600,0.000,2.000,16.0
6/5/2007,09:22:00,3.356,0.178,228.880,14.600,0.000,1.000,16.0
6/5/2007,09:23:00,3.340,0.174,228.290,14.600,0.000,1.000,16.0
6/5/2007,09:24:00,3.372,0.180,229.600,14.600,0.000,1.000,16.0
6/5/2007,09:25:00,3.384,0.184,230.210,14.600,0.000,1.000,17.0
6/5/2007,09:26:00,3.380,0.182,230.160,14.600,0.000,2.000,16.0
6/5/2007,09:27:00,3.380,0.182,230.110,14.600,0.000,1.000,16.0
6/5/2007,09:28:00,3.358,0.180,229.270,14.600,0.000,1.000,16.0
6/5/2007,09:29:00,3.390,0.184,230.480,14.600,0.000,1.000,17.0
6/5/2007,09:30:00,3.394,0.186,230.860,14.600,0.000,1.000,16.0
6/5/2007,09:31:00,3.388,0.184,230.660,14.600,0.000,1.000,16.0
6/5/2007,09:32:00,3.402,0.186,231.210,14.600,0.000,2.000,17.0
6/5/2007,09:33:00,3.348,0.114,230.860,14.400,0.000,1.000,16.0
6/5/2007,09:34:00,3.306,0.066,230.790,14.200,0.000,1.000,16.0
6/5/2007,09:35:00,2.898,0.062,230.630,12.800,0.000,1.000,11.0
6/5/2007,09:36:00,2.308,0.060,231.740,10.000,0.000,1.000,0.0
6/5/2007,09:37:00,2.310,0.060,231.760,10.000,0.000,1.000,0.0
6/5/2007,09:38:00,2.350,0.064,232.780,10.000,0.000,1.000,0.0
6/5/2007,09:39:00,2.410,0.068,234.350,10.200,0.000,2.000,0.0
6/5/2007,09:40:00,2.410,0.070,234.320,10.200,0.000,1.000,0.0
6/5/2007,09:41:00,2.404,0.068,234.020,10.200,0.000,1.000,0.0
6/5/2007,09:42:00,2.392,0.066,233.370,10.200,0.000,1.000,0.0
6/5/2007,09:43:00,2.336,0.066,233.040,10.000,0.000,1.000,0.0
6/5/2007,09:44:00,2.276,0.000,233.130,9.800,0.000,1.000,0.0
6/5/2007,09:45:00,2.272,0.000,233.850,9.600,0.000,0.000,0.0
6/5/2007,09:46:00,2.274,0.046,233.440,9.800,0.000,0.000,0.0
6/5/2007,09:47:00,2.334,0.000,232.150,10.000,0.000,0.000,0.0
6/5/2007,09:48:00,2.316,0.000,231.950,10.000,0.000,0.000,0.0
6/5/2007,09:49:00,2.322,0.000,232.110,10.000,0.000,0.000,0.0
6/5/2007,09:50:00,2.326,0.046,232.440,10.000,0.000,0.000,0.0
6/5/2007,09:51:00,2.314,0.000,231.970,10.000,0.000,0.000,0.0
6/5/2007,09:52:00,2.316,0.048,232.250,10.000,0.000,0.000,0.0
6/5/2007,09:53:00,2.316,0.048,232.360,10.000,0.000,0.000,0.0
6/5/2007,09:54:00,2.316,0.050,232.560,10.000,0.000,0.000,0.0
6/5/2007,09:55:00,2.304,0.000,231.510,10.000,0.000,0.000,0.0
6/5/2007,09:56:00,0.890,0.056,232.320,5.400,0.000,0.000,0.0
6/5/2007,09:57:00,0.386,0.066,234.200,2.000,0.000,0.000,0.0
6/5/2007,09:58:00,0.354,0.000,234.230,1.800,0.000,0.000,0.0
6/5/2007,09:59:00,0.318,0.000,234.820,1.600,0.000,0.000,0.0
6/5/2007,10:00:00,0.314,0.000,234.720,1.600,0.000,0.000,0.0
6/5/2007,10:01:00,0.314,0.000,234.470,1.600,0.000,0.000,0.0
6/5/2007,10:02:00,0.430,0.092,234.530,2.200,0.000,0.000,0.0
6/5/2007,10:03:00,0.422,0.100,235.020,2.000,0.000,0.000,0.0
6/5/2007,10:04:00,0.418,0.098,234.590,2.000,0.000,0.000,0.0
6/5/2007,10:05:00,0.418,0.092,233.600,2.000,0.000,0.000,0.0
6/5/2007,10:06:00,0.416,0.092,233.900,2.000,0.000,0.000,0.0
6/5/2007,10:07:00,0.416,0.092,234.150,2.000,0.000,0.000,0.0
6/5/2007,10:08:00,0.414,0.094,234.230,2.000,0.000,0.000,0.0
6/5/2007,10:09:00,0.412,0.090,233.680,2.000,0.000,0.000,0.0
6/5/2007,10:10:00,0.410,0.092,233.390,2.000,0.000,0.000,0.0
6/5/2007,10:11:00,0.410,0.092,233.970,2.000,0.000,0.000,0.0
6/5/2007,10:12:00,0.408,0.094,234.350,2.000,0.000,0.000,0.0
6/5/2007,10:13:00,0.408,0.090,233.580,2.000,0.000,0.000,0.0
6/5/2007,10:14:00,0.410,0.096,234.820,2.000,0.000,0.000,0.0
6/5/2007,10:15:00,0.408,0.094,234.520,2.000,0.000,0.000,0.0
6/5/2007,10:16:00,0.406,0.094,234.050,2.000,0.000,0.000,0.0
6/5/2007,10:17:00,0.408,0.096,234.400,2.000,0.000,0.000,0.0
6/5/2007,10:18:00,0.370,0.046,234.160,1.800,0.000,0.000,0.0
6/5/2007,10:19:00,0.308,0.000,233.960,1.600,0.000,0.000,0.0
6/5/2007,10:20:00,0.316,0.000,234.790,1.600,0.000,0.000,0.0
6/5/2007,10:21:00,0.318,0.000,235.060,1.600,0.000,0.000,0.0
6/5/2007,10:22:00,0.318,0.000,234.060,1.600,0.000,0.000,0.0
6/5/2007,10:23:00,0.312,0.000,234.890,1.600,0.000,0.000,0.0
6/5/2007,10:24:00,0.318,0.000,234.730,1.600,0.000,0.000,0.0
6/5/2007,10:25:00,0.318,0.000,234.170,1.600,0.000,0.000,0.0
6/5/2007,10:26:00,0.310,0.000,234.210,1.600,0.000,0.000,0.0
6/5/2007,10:27:00,0.318,0.000,234.360,1.600,0.000,0.000,0.0
6/5/2007,10:28:00,0.314,0.000,234.270,1.600,0.000,0.000,0.0
6/5/2007,10:29:00,0.316,0.000,234.880,1.600,0.000,0.000,0.0
6/5/2007,10:30:00,0.316,0.000,234.520,1.600,0.000,0.000,0.0
6/5/2007,10:31:00,0.320,0.000,233.780,1.600,0.000,0.000,0.0
6/5/2007,10:32:00,0.314,0.000,233.820,1.600,0.000,0.000,0.0
6/5/2007,10:33:00,0.318,0.000,234.780,1.600,0.000,0.000,0.0
6/5/2007,10:34:00,0.378,0.000,234.650,2.000,0.000,0.000,0.0
6/5/2007,10:35:00,0.388,0.076,235.330,2.000,0.000,0.000,0.0
6/5/2007,10:36:00,0.390,0.074,234.860,2.000,0.000,0.000,0.0
6/5/2007,10:37:00,0.390,0.074,234.690,2.000,0.000,0.000,0.0
6/5/2007,10:38:00,0.388,0.072,234.250,2.000,0.000,0.000,0.0
6/5/2007,10:39:00,0.386,0.072,234.200,2.000,0.000,0.000,0.0
6/5/2007,10:40:00,0.386,0.072,234.150,2.000,0.000,0.000,0.0
6/5/2007,10:41:00,0.386,0.074,234.670,2.000,0.000,0.000,0.0
6/5/2007,10:42:00,0.384,0.074,234.640,2.000,0.000,0.000,0.0
6/5/2007,10:43:00,0.384,0.074,234.760,2.000,0.000,0.000,0.0
6/5/2007,10:44:00,0.382,0.074,234.500,2.000,0.000,0.000,0.0
6/5/2007,10:45:00,0.350,0.000,235.020,1.800,0.000,0.000,0.0
6/5/2007,10:46:00,0.370,0.000,235.590,2.000,0.000,0.000,0.0
6/5/2007,10:47:00,0.426,0.104,235.520,2.000,0.000,0.000,0.0
6/5/2007,10:48:00,0.420,0.100,235.130,2.000,0.000,0.000,0.0
6/5/2007,10:49:00,0.418,0.092,233.550,2.000,0.000,0.000,0.0
6/5/2007,10:50:00,0.418,0.096,234.650,2.000,0.000,0.000,0.0
6/5/2007,10:51:00,0.414,0.096,234.760,2.000,0.000,0.000,0.0
6/5/2007,10:52:00,0.412,0.092,233.670,2.000,0.000,0.000,0.0
6/5/2007,10:53:00,0.416,0.094,234.220,2.000,0.000,0.000,0.0
6/5/2007,10:54:00,0.410,0.090,233.030,2.000,0.000,0.000,0.0
6/5/2007,10:55:00,0.404,0.090,233.470,2.000,0.000,0.000,0.0
6/5/2007,10:56:00,0.406,0.088,233.650,2.000,0.000,0.000,0.0
6/5/2007,10:57:00,0.406,0.088,233.520,2.000,0.000,0.000,0.0
6/5/2007,10:58:00,0.400,0.092,234.170,2.000,0.000,0.000,0.0
6/5/2007,10:59:00,0.402,0.092,234.960,2.000,0.000,0.000,0.0
6/5/2007,11:00:00,0.400,0.092,234.620,2.000,0.000,0.000,0.0
6/5/2007,11:01:00,0.404,0.092,235.020,2.000,0.000,0.000,0.0
6/5/2007,11:02:00,0.518,0.068,235.430,2.400,0.000,0.000,0.0
6/5/2007,11:03:00,0.420,0.048,235.930,2.000,0.000,0.000,0.0
6/5/2007,11:04:00,0.336,0.000,235.590,1.800,0.000,0.000,0.0
6/5/2007,11:05:00,0.340,0.000,235.720,1.800,0.000,0.000,0.0
6/5/2007,11:06:00,0.348,0.046,235.830,1.800,0.000,0.000,0.0
6/5/2007,11:07:00,0.348,0.048,234.860,1.800,0.000,0.000,0.0
6/5/2007,11:08:00,0.344,0.000,234.870,1.800,0.000,0.000,0.0
6/5/2007,11:09:00,0.334,0.000,236.340,1.800,0.000,0.000,0.0
6/5/2007,11:10:00,0.190,0.000,236.160,1.000,0.000,0.000,0.0
6/5/2007,11:11:00,0.154,0.000,236.750,0.800,0.000,0.000,0.0
6/5/2007,11:12:00,0.150,0.000,236.410,0.600,0.000,0.000,0.0
6/5/2007,11:13:00,0.154,0.000,236.530,0.800,0.000,0.000,0.0
6/5/2007,11:14:00,0.150,0.000,236.500,0.600,0.000,0.000,0.0
6/5/2007,11:15:00,0.150,0.000,236.010,0.600,0.000,0.000,0.0
6/5/2007,11:16:00,0.152,0.000,235.050,0.800,0.000,0.000,0.0
6/5/2007,11:17:00,0.150,0.000,235.330,0.600,0.000,0.000,0.0
6/5/2007,11:18:00,0.150,0.000,235.220,0.600,0.000,0.000,0.0
6/5/2007,11:19:00,0.224,0.000,234.540,1.200,0.000,0.000,0.0
6/5/2007,11:20:00,0.412,0.076,235.030,2.000,0.000,0.000,0.0
6/5/2007,11:21:00,0.424,0.072,233.890,2.000,0.000,0.000,0.0
6/5/2007,11:22:00,0.424,0.080,234.460,2.000,0.000,0.000,0.0
6/5/2007,11:23:00,0.440,0.078,234.640,2.200,0.000,0.000,0.0
6/5/2007,11:24:00,0.434,0.080,234.680,2.200,0.000,0.000,0.0
6/5/2007,11:25:00,0.434,0.080,234.730,2.200,0.000,0.000,0.0
6/5/2007,11:26:00,0.448,0.084,236.230,2.200,0.000,0.000,0.0
6/5/2007,11:27:00,0.444,0.078,236.120,2.200,0.000,0.000,0.0
6/5/2007,11:28:00,0.462,0.068,235.920,2.200,0.000,0.000,0.0
6/5/2007,11:29:00,0.462,0.070,235.150,2.200,0.000,0.000,0.0
6/5/2007,11:30:00,0.460,0.074,234.660,2.200,0.000,0.000,0.0
6/5/2007,11:31:00,0.574,0.188,234.830,2.800,0.000,0.000,0.0
6/5/2007,11:32:00,0.504,0.120,235.320,2.400,0.000,0.000,0.0
6/5/2007,11:33:00,0.476,0.110,234.890,2.200,0.000,0.000,0.0
6/5/2007,11:34:00,0.502,0.108,234.810,2.400,0.000,0.000,0.0
6/5/2007,11:35:00,0.496,0.110,234.780,2.400,0.000,0.000,0.0
6/5/2007,11:36:00,0.490,0.112,234.740,2.400,0.000,0.000,0.0
6/5/2007,11:37:00,0.490,0.112,234.850,2.400,0.000,0.000,0.0
6/5/2007,11:38:00,0.490,0.112,234.820,2.400,0.000,0.000,0.0
6/5/2007,11:39:00,0.482,0.110,234.690,2.400,0.000,0.000,0.0
6/5/2007,11:40:00,0.564,0.218,235.260,2.800,0.000,0.000,0.0
6/5/2007,11:41:00,0.568,0.226,235.210,2.800,0.000,1.000,0.0
6/5/2007,11:42:00,0.566,0.228,235.540,2.800,0.000,2.000,0.0
6/5/2007,11:43:00,0.662,0.228,235.340,3.000,0.000,1.000,0.0
6/5/2007,11:44:00,0.662,0.230,235.860,3.000,0.000,2.000,0.0
6/5/2007,11:45:00,0.664,0.224,235.270,3.000,0.000,1.000,0.0
6/5/2007,11:46:00,0.656,0.220,234.450,3.000,0.000,1.000,0.0
6/5/2007,11:47:00,0.612,0.174,234.460,2.800,0.000,2.000,0.0
6/5/2007,11:48:00,0.552,0.098,234.360,2.600,0.000,1.000,0.0
6/5/2007,11:49:00,0.552,0.098,234.650,2.600,0.000,2.000,0.0
6/5/2007,11:50:00,0.550,0.098,234.540,2.600,0.000,1.000,0.0
6/5/2007,11:51:00,0.558,0.096,234.500,2.600,0.000,1.000,0.0
6/5/2007,11:52:00,0.562,0.094,234.030,2.600,0.000,2.000,0.0
6/5/2007,11:53:00,0.558,0.098,234.550,2.600,0.000,1.000,0.0
6/5/2007,11:54:00,0.558,0.096,234.520,2.600,0.000,2.000,0.0
6/5/2007,11:55:00,0.556,0.096,234.100,2.600,0.000,1.000,0.0
6/5/2007,11:56:00,0.554,0.094,233.930,2.600,0.000,1.000,0.0
6/5/2007,11:57:00,0.550,0.096,233.900,2.600,0.000,1.000,0.0
6/5/2007,11:58:00,0.548,0.096,233.360,2.600,0.000,2.000,0.0
6/5/2007,11:59:00,0.552,0.094,233.040,2.600,0.000,1.000,0.0
6/5/2007,12:00:00,0.548,0.090,232.590,2.600,0.000,1.000,0.0
6/5/2007,12:01:00,0.554,0.092,232.990,2.600,0.000,1.000,0.0
6/5/2007,12:02:00,0.552,0.092,233.240,2.600,0.000,2.000,0.0
6/5/2007,12:03:00,0.552,0.096,234.060,2.600,0.000,1.000,0.0
6/5/2007,12:04:00,0.552,0.094,234.140,2.600,0.000,1.000,0.0
6/5/2007,12:05:00,0.552,0.096,234.360,2.600,0.000,1.000,0.0
6/5/2007,12:06:00,0.582,0.108,233.610,2.800,0.000,1.000,0.0
6/5/2007,12:07:00,0.628,0.190,233.920,3.000,0.000,2.000,0.0
6/5/2007,12:08:00,0.626,0.190,233.710,3.000,0.000,1.000,0.0
6/5/2007,12:09:00,0.622,0.184,232.600,3.000,0.000,1.000,0.0
6/5/2007,12:10:00,0.622,0.184,233.040,3.000,0.000,1.000,0.0
6/5/2007,12:11:00,0.624,0.188,233.640,3.000,0.000,1.000,0.0
6/5/2007,12:12:00,0.624,0.184,232.810,3.000,0.000,2.000,0.0
6/5/2007,12:13:00,0.616,0.188,233.630,2.800,0.000,1.000,0.0
6/5/2007,12:14:00,0.618,0.190,234.330,2.800,0.000,1.000,0.0
6/5/2007,12:15:00,0.618,0.190,234.630,2.800,0.000,1.000,0.0
6/5/2007,12:16:00,1.230,0.206,233.840,7.400,0.000,1.000,0.0
6/5/2007,12:17:00,3.346,0.280,231.460,14.400,0.000,1.000,0.0
6/5/2007,12:18:00,1.154,0.240,234.090,6.800,0.000,2.000,0.0
6/5/2007,12:19:00,1.024,0.278,234.570,5.800,0.000,1.000,0.0
6/5/2007,12:20:00,3.552,0.330,231.920,15.400,0.000,1.000,0.0
6/5/2007,12:21:00,2.474,0.338,233.350,12.000,0.000,1.000,0.0
6/5/2007,12:22:00,0.914,0.354,235.010,4.200,0.000,1.000,0.0
6/5/2007,12:23:00,0.912,0.354,235.400,4.200,0.000,1.000,0.0
6/5/2007,12:24:00,0.906,0.348,234.800,4.200,0.000,2.000,0.0
6/5/2007,12:25:00,0.862,0.282,234.080,3.800,0.000,0.000,0.0
6/5/2007,12:26:00,0.834,0.230,234.420,3.600,0.000,0.000,0.0
6/5/2007,12:27:00,0.830,0.226,233.260,3.600,0.000,0.000,0.0
6/5/2007,12:28:00,0.826,0.222,232.140,3.800,0.000,0.000,0.0
6/5/2007,12:29:00,0.828,0.220,231.610,3.800,0.000,0.000,0.0
6/5/2007,12:30:00,0.828,0.220,231.480,3.800,0.000,0.000,0.0
6/5/2007,12:31:00,0.762,0.220,231.180,3.400,0.000,0.000,0.0
6/5/2007,12:32:00,0.730,0.220,231.670,3.400,0.000,0.000,0.0
6/5/2007,12:33:00,0.736,0.170,231.980,3.400,0.000,0.000,0.0
6/5/2007,12:34:00,0.802,0.096,232.420,3.600,0.000,0.000,0.0
6/5/2007,12:35:00,0.784,0.098,233.110,3.400,0.000,0.000,0.0
6/5/2007,12:36:00,0.780,0.098,231.980,3.400,0.000,0.000,0.0
6/5/2007,12:37:00,0.762,0.098,232.340,3.400,0.000,0.000,0.0
6/5/2007,12:38:00,0.626,0.100,232.980,2.800,0.000,0.000,0.0
6/5/2007,12:39:00,0.722,0.100,233.330,3.200,0.000,0.000,0.0
6/5/2007,12:40:00,0.722,0.100,233.260,3.200,0.000,0.000,0.0
6/5/2007,12:41:00,0.820,0.096,233.550,3.600,0.000,0.000,0.0
6/5/2007,12:42:00,0.722,0.092,233.610,3.200,0.000,0.000,0.0
6/5/2007,12:43:00,0.710,0.084,233.130,3.200,0.000,0.000,0.0
6/5/2007,12:44:00,1.736,0.072,232.000,7.400,0.000,0.000,16.0
6/5/2007,12:45:00,1.716,0.072,231.610,7.400,0.000,0.000,17.0
6/5/2007,12:46:00,1.728,0.074,233.600,7.400,0.000,0.000,17.0
6/5/2007,12:47:00,1.712,0.076,234.270,7.200,0.000,0.000,17.0
6/5/2007,12:48:00,1.624,0.078,234.620,6.800,0.000,0.000,17.0
6/5/2007,12:49:00,1.622,0.078,234.760,6.800,0.000,0.000,17.0
6/5/2007,12:50:00,1.606,0.076,233.380,6.800,0.000,0.000,17.0
6/5/2007,12:51:00,1.614,0.076,233.660,6.800,0.000,0.000,17.0
6/5/2007,12:52:00,1.708,0.174,234.810,7.200,0.000,0.000,17.0
6/5/2007,12:53:00,1.686,0.176,234.380,7.200,0.000,0.000,16.0
6/5/2007,12:54:00,1.678,0.172,233.430,7.200,0.000,0.000,17.0
6/5/2007,12:55:00,1.688,0.174,234.390,7.200,0.000,0.000,17.0
6/5/2007,12:56:00,1.686,0.174,234.470,7.200,0.000,0.000,17.0
6/5/2007,12:57:00,1.676,0.170,233.580,7.200,0.000,0.000,17.0
6/5/2007,12:58:00,1.666,0.168,232.920,7.200,0.000,0.000,16.0
6/5/2007,12:59:00,1.686,0.174,234.900,7.200,0.000,0.000,17.0
6/5/2007,13:00:00,1.686,0.174,235.140,7.200,0.000,0.000,17.0
6/5/2007,13:01:00,1.666,0.170,233.270,7.200,0.000,0.000,17.0
6/5/2007,13:02:00,1.720,0.206,234.620,7.400,0.000,0.000,17.0
6/5/2007,13:03:00,1.786,0.298,234.380,7.600,0.000,0.000,17.0
6/5/2007,13:04:00,1.740,0.232,234.680,7.400,0.000,0.000,17.0
6/5/2007,13:05:00,1.702,0.198,233.050,7.400,0.000,0.000,16.0
6/5/2007,13:06:00,1.716,0.200,234.210,7.400,0.000,0.000,17.0
6/5/2007,13:07:00,1.732,0.206,235.920,7.400,0.000,0.000,17.0
6/5/2007,13:08:00,1.716,0.204,234.930,7.400,0.000,0.000,17.0
6/5/2007,13:09:00,1.704,0.202,234.240,7.200,0.000,0.000,17.0
6/5/2007,13:10:00,1.720,0.208,235.720,7.400,0.000,0.000,17.0
6/5/2007,13:11:00,1.718,0.206,235.700,7.200,0.000,0.000,17.0
6/5/2007,13:12:00,1.710,0.204,234.950,7.200,0.000,0.000,17.0
6/5/2007,13:13:00,1.712,0.206,235.140,7.200,0.000,0.000,17.0
6/5/2007,13:14:00,1.718,0.208,235.820,7.200,0.000,0.000,17.0
6/5/2007,13:15:00,1.724,0.210,236.570,7.200,0.000,0.000,17.0
6/5/2007,13:16:00,1.724,0.210,236.310,7.400,0.000,0.000,17.0
6/5/2007,13:17:00,1.626,0.216,236.380,6.800,0.000,0.000,17.0
6/5/2007,13:18:00,1.552,0.224,236.810,6.600,0.000,0.000,17.0
6/5/2007,13:19:00,1.528,0.196,236.480,6.400,0.000,0.000,18.0
6/5/2007,13:20:00,1.456,0.096,236.480,6.200,0.000,0.000,17.0
6/5/2007,13:21:00,1.454,0.096,236.110,6.200,0.000,0.000,17.0
6/5/2007,13:22:00,1.450,0.094,235.890,6.000,0.000,0.000,17.0
6/5/2007,13:23:00,1.464,0.112,236.470,6.200,0.000,0.000,17.0
6/5/2007,13:24:00,1.476,0.130,236.500,6.200,0.000,0.000,17.0
6/5/2007,13:25:00,1.468,0.128,235.720,6.200,0.000,0.000,17.0
6/5/2007,13:26:00,1.474,0.128,236.280,6.200,0.000,0.000,17.0
6/5/2007,13:27:00,1.464,0.126,236.260,6.200,0.000,0.000,17.0
6/5/2007,13:28:00,1.472,0.126,236.300,6.200,0.000,0.000,18.0
6/5/2007,13:29:00,1.460,0.108,236.630,6.200,0.000,0.000,17.0
6/5/2007,13:30:00,1.442,0.082,236.150,6.000,0.000,0.000,17.0
6/5/2007,13:31:00,1.438,0.086,236.230,6.000,0.000,0.000,17.0
6/5/2007,13:32:00,1.434,0.092,236.420,6.000,0.000,0.000,17.0
6/5/2007,13:33:00,1.436,0.094,236.470,6.000,0.000,0.000,17.0
6/5/2007,13:34:00,1.538,0.196,235.440,6.600,0.000,0.000,17.0
6/5/2007,13:35:00,1.538,0.216,234.760,6.600,0.000,0.000,17.0
6/5/2007,13:36:00,1.576,0.248,234.600,6.800,0.000,0.000,17.0
6/5/2007,13:37:00,1.606,0.312,234.530,7.000,0.000,0.000,17.0
6/5/2007,13:38:00,1.614,0.316,235.210,7.000,0.000,0.000,17.0
6/5/2007,13:39:00,1.618,0.314,235.050,7.000,0.000,1.000,17.0
6/5/2007,13:40:00,1.626,0.316,235.740,7.000,0.000,0.000,17.0
6/5/2007,13:41:00,1.620,0.316,235.470,7.000,0.000,0.000,17.0
6/5/2007,13:42:00,1.616,0.314,235.370,7.000,0.000,0.000,17.0
6/5/2007,13:43:00,2.526,0.500,234.850,11.600,0.000,1.000,17.0
6/5/2007,13:44:00,1.612,0.314,235.440,7.000,0.000,0.000,17.0
6/5/2007,13:45:00,1.598,0.308,233.850,6.800,0.000,0.000,16.0
6/5/2007,13:46:00,1.594,0.308,234.180,6.800,0.000,0.000,17.0
6/5/2007,13:47:00,1.584,0.308,233.880,6.800,0.000,1.000,17.0
6/5/2007,13:48:00,1.584,0.310,234.030,6.800,0.000,0.000,17.0
6/5/2007,13:49:00,1.492,0.264,234.560,6.400,0.000,0.000,17.0
6/5/2007,13:50:00,1.998,0.294,233.670,9.400,0.000,0.000,16.0
6/5/2007,13:51:00,1.338,0.190,234.780,5.600,0.000,1.000,17.0
6/5/2007,13:52:00,1.274,0.098,235.140,5.400,0.000,0.000,17.0
6/5/2007,13:53:00,1.254,0.068,235.360,5.200,0.000,0.000,17.0
6/5/2007,13:54:00,1.318,0.130,235.440,5.600,0.000,2.000,17.0
6/5/2007,13:55:00,1.272,0.086,235.360,5.400,0.000,2.000,17.0
6/5/2007,13:56:00,1.268,0.086,235.030,5.400,0.000,1.000,17.0
6/5/2007,13:57:00,1.270,0.084,235.200,5.400,0.000,2.000,17.0
6/5/2007,13:58:00,1.274,0.086,235.540,5.400,0.000,2.000,17.0
6/5/2007,13:59:00,1.272,0.086,235.440,5.400,0.000,1.000,17.0
6/5/2007,14:00:00,1.270,0.086,235.010,5.400,0.000,2.000,17.0
6/5/2007,14:01:00,1.270,0.084,234.910,5.400,0.000,2.000,17.0
6/5/2007,14:02:00,1.254,0.080,233.530,5.400,0.000,1.000,17.0
6/5/2007,14:03:00,1.248,0.078,232.920,5.200,0.000,2.000,16.0
6/5/2007,14:04:00,1.266,0.082,234.450,5.400,0.000,2.000,17.0
6/5/2007,14:05:00,1.258,0.080,233.990,5.400,0.000,2.000,17.0
6/5/2007,14:06:00,1.258,0.080,234.160,5.400,0.000,1.000,17.0
6/5/2007,14:07:00,1.256,0.080,233.800,5.400,0.000,2.000,17.0
6/5/2007,14:08:00,1.254,0.080,233.700,5.400,0.000,1.000,16.0
6/5/2007,14:09:00,1.250,0.078,233.510,5.200,0.000,2.000,17.0
6/5/2007,14:10:00,1.332,0.076,233.030,5.600,0.000,2.000,17.0
6/5/2007,14:11:00,1.266,0.080,234.070,5.400,0.000,1.000,17.0
6/5/2007,14:12:00,1.262,0.082,234.890,5.400,0.000,2.000,16.0
6/5/2007,14:13:00,1.352,0.170,235.710,5.800,0.000,2.000,18.0
6/5/2007,14:14:00,1.390,0.212,236.560,5.800,0.000,1.000,17.0
6/5/2007,14:15:00,1.390,0.204,235.990,5.800,0.000,2.000,17.0
6/5/2007,14:16:00,1.388,0.204,236.000,5.800,0.000,1.000,17.0
6/5/2007,14:17:00,1.434,0.200,235.500,6.000,0.000,2.000,17.0
6/5/2007,14:18:00,1.496,0.202,236.150,6.400,0.000,1.000,17.0
6/5/2007,14:19:00,1.462,0.202,235.760,6.200,0.000,2.000,17.0
6/5/2007,14:20:00,1.368,0.212,235.900,5.800,0.000,1.000,17.0
6/5/2007,14:21:00,1.414,0.212,235.930,6.000,0.000,2.000,17.0
6/5/2007,14:22:00,1.434,0.208,235.320,6.000,0.000,2.000,17.0
6/5/2007,14:23:00,1.356,0.206,234.920,5.800,0.000,1.000,17.0
6/5/2007,14:24:00,1.386,0.236,234.310,6.000,0.000,2.000,17.0
6/5/2007,14:25:00,1.432,0.304,234.570,6.200,0.000,1.000,17.0
6/5/2007,14:26:00,1.432,0.306,234.750,6.200,0.000,2.000,17.0
6/5/2007,14:27:00,1.932,0.300,234.800,8.600,0.000,1.000,17.0
6/5/2007,14:28:00,2.690,0.284,233.060,11.600,0.000,2.000,16.0
6/5/2007,14:29:00,1.918,0.334,233.600,8.600,0.000,1.000,17.0
6/5/2007,14:30:00,1.742,0.306,233.250,7.800,0.000,2.000,17.0
6/5/2007,14:31:00,1.422,0.304,234.460,6.200,0.000,1.000,16.0
6/5/2007,14:32:00,1.420,0.304,234.270,6.200,0.000,2.000,17.0
6/5/2007,14:33:00,1.428,0.308,235.150,6.200,0.000,1.000,17.0
6/5/2007,14:34:00,1.426,0.308,235.070,6.200,0.000,2.000,17.0
6/5/2007,14:35:00,1.414,0.302,234.110,6.200,0.000,1.000,17.0
6/5/2007,14:36:00,1.410,0.298,233.680,6.000,0.000,2.000,17.0
6/5/2007,14:37:00,1.402,0.294,232.920,6.000,0.000,1.000,16.0
6/5/2007,14:38:00,1.410,0.300,233.890,6.000,0.000,2.000,17.0
6/5/2007,14:39:00,1.420,0.306,234.920,6.200,0.000,1.000,17.0
6/5/2007,14:40:00,1.424,0.308,235.370,6.200,0.000,2.000,17.0
6/5/2007,14:41:00,1.384,0.252,235.570,6.000,0.000,1.000,17.0
6/5/2007,14:42:00,1.340,0.184,235.920,5.600,0.000,2.000,17.0
6/5/2007,14:43:00,1.306,0.136,235.920,5.600,0.000,1.000,17.0
6/5/2007,14:44:00,1.292,0.106,235.570,5.400,0.000,2.000,17.0
6/5/2007,14:45:00,1.360,0.112,235.470,5.800,0.000,1.000,17.0
6/5/2007,14:46:00,1.354,0.104,236.520,5.600,2.000,2.000,17.0
6/5/2007,14:47:00,1.352,0.098,236.670,5.600,1.000,1.000,18.0
6/5/2007,14:48:00,1.348,0.098,236.390,5.600,1.000,2.000,17.0
6/5/2007,14:49:00,1.350,0.098,236.460,5.600,1.000,1.000,17.0
6/5/2007,14:50:00,1.342,0.096,235.850,5.600,2.000,2.000,17.0
6/5/2007,14:51:00,1.344,0.096,236.020,5.600,1.000,1.000,17.0
6/5/2007,14:52:00,1.344,0.098,236.170,5.600,1.000,2.000,17.0
6/5/2007,14:53:00,1.348,0.098,236.360,5.600,1.000,1.000,17.0
6/5/2007,14:54:00,1.344,0.098,236.290,5.600,1.000,2.000,17.0
6/5/2007,14:55:00,1.346,0.098,236.250,5.600,2.000,1.000,17.0
6/5/2007,14:56:00,1.342,0.098,236.220,5.600,1.000,2.000,18.0
6/5/2007,14:57:00,1.348,0.100,236.350,5.600,1.000,1.000,17.0
6/5/2007,14:58:00,1.348,0.102,236.130,5.600,1.000,2.000,17.0
6/5/2007,14:59:00,1.340,0.096,235.790,5.600,1.000,1.000,17.0
6/5/2007,15:00:00,1.350,0.110,236.220,5.600,2.000,2.000,17.0
6/5/2007,15:01:00,1.304,0.132,235.510,5.400,0.000,1.000,17.0
6/5/2007,15:02:00,1.330,0.108,235.470,5.600,1.000,2.000,17.0
6/5/2007,15:03:00,1.820,0.184,235.650,8.600,6.000,1.000,17.0
6/5/2007,15:04:00,3.570,0.198,233.560,15.200,37.000,2.000,17.0
6/5/2007,15:05:00,3.550,0.196,233.280,15.200,37.000,1.000,16.0
6/5/2007,15:06:00,3.552,0.198,233.470,15.200,36.000,2.000,17.0
6/5/2007,15:07:00,3.544,0.198,233.420,15.200,37.000,1.000,17.0
6/5/2007,15:08:00,3.524,0.194,232.690,15.000,36.000,1.000,16.0
6/5/2007,15:09:00,3.500,0.192,232.030,15.000,36.000,2.000,17.0
6/5/2007,15:10:00,3.506,0.192,232.210,15.000,37.000,1.000,16.0
6/5/2007,15:11:00,3.516,0.194,232.790,15.000,36.000,2.000,17.0
6/5/2007,15:12:00,3.506,0.192,232.430,15.000,36.000,1.000,17.0
6/5/2007,15:13:00,4.452,0.182,231.510,19.200,36.000,2.000,16.0
6/5/2007,15:14:00,3.702,0.196,233.410,16.000,36.000,1.000,17.0
6/5/2007,15:15:00,3.546,0.216,233.750,15.200,37.000,2.000,17.0
6/5/2007,15:16:00,3.314,0.310,234.240,15.200,27.000,1.000,16.0
6/5/2007,15:17:00,1.510,0.322,236.180,6.400,2.000,2.000,17.0
6/5/2007,15:18:00,0.616,0.338,237.150,3.200,1.000,1.000,4.0
6/5/2007,15:19:00,0.482,0.334,236.550,2.400,1.000,2.000,0.0
6/5/2007,15:20:00,0.476,0.334,236.480,2.400,1.000,1.000,0.0
6/5/2007,15:21:00,0.478,0.336,236.660,2.400,1.000,1.000,0.0
6/5/2007,15:22:00,0.472,0.332,236.110,2.400,2.000,2.000,0.0
6/5/2007,15:23:00,0.460,0.296,236.760,2.200,1.000,1.000,0.0
6/5/2007,15:24:00,0.500,0.206,236.610,2.200,1.000,2.000,0.0
6/5/2007,15:25:00,0.504,0.208,237.080,2.200,1.000,1.000,0.0
6/5/2007,15:26:00,1.054,0.202,236.380,6.200,11.000,2.000,0.0
6/5/2007,15:27:00,2.502,0.178,233.950,10.600,36.000,1.000,0.0
6/5/2007,15:28:00,2.494,0.178,233.970,10.600,37.000,2.000,0.0
6/5/2007,15:29:00,2.502,0.180,234.260,10.600,36.000,1.000,0.0
6/5/2007,15:30:00,2.488,0.176,233.890,10.600,37.000,2.000,0.0
6/5/2007,15:31:00,2.440,0.082,234.520,10.400,36.000,1.000,0.0
6/5/2007,15:32:00,2.434,0.082,234.380,10.400,37.000,1.000,0.0
6/5/2007,15:33:00,2.438,0.082,234.470,10.400,37.000,2.000,0.0
6/5/2007,15:34:00,2.434,0.084,234.550,10.400,36.000,1.000,0.0
6/5/2007,15:35:00,0.828,0.104,236.230,5.200,12.000,2.000,0.0
6/5/2007,15:36:00,0.312,0.108,235.900,1.400,1.000,1.000,0.0
6/5/2007,15:37:00,0.314,0.108,236.580,1.400,1.000,2.000,0.0
6/5/2007,15:38:00,0.314,0.110,236.670,1.400,2.000,1.000,0.0
6/5/2007,15:39:00,0.316,0.114,237.530,1.400,1.000,2.000,0.0
6/5/2007,15:40:00,0.318,0.110,236.890,1.400,1.000,1.000,0.0
6/5/2007,15:41:00,0.314,0.112,237.230,1.400,1.000,2.000,0.0
6/5/2007,15:42:00,0.314,0.110,236.710,1.400,2.000,1.000,0.0
6/5/2007,15:43:00,0.466,0.108,237.240,2.000,1.000,1.000,0.0
6/5/2007,15:44:00,0.458,0.108,236.670,2.000,1.000,1.000,0.0
6/5/2007,15:45:00,0.372,0.184,236.580,1.800,1.000,2.000,0.0
6/5/2007,15:46:00,0.404,0.236,236.160,2.000,1.000,1.000,0.0
6/5/2007,15:47:00,0.398,0.236,236.320,2.000,2.000,1.000,0.0
6/5/2007,15:48:00,0.398,0.234,236.280,2.000,1.000,1.000,0.0
6/5/2007,15:49:00,0.392,0.226,236.180,1.800,1.000,1.000,0.0
6/5/2007,15:50:00,0.392,0.226,236.300,1.800,1.000,1.000,0.0
6/5/2007,15:51:00,0.390,0.228,236.580,1.800,2.000,2.000,0.0
6/5/2007,15:52:00,0.390,0.222,235.530,1.800,1.000,1.000,0.0
6/5/2007,15:53:00,0.406,0.226,236.480,2.000,1.000,1.000,0.0
6/5/2007,15:54:00,0.444,0.222,235.840,2.000,1.000,1.000,0.0
6/5/2007,15:55:00,0.540,0.220,235.750,2.400,1.000,1.000,0.0
6/5/2007,15:56:00,0.590,0.224,236.410,2.600,2.000,1.000,0.0
6/5/2007,15:57:00,0.486,0.222,235.950,2.200,1.000,1.000,0.0
6/5/2007,15:58:00,0.508,0.226,236.550,2.400,1.000,2.000,0.0
6/5/2007,15:59:00,0.512,0.222,235.900,2.400,1.000,1.000,0.0
6/5/2007,16:00:00,0.488,0.224,236.260,2.200,2.000,1.000,0.0
6/5/2007,16:01:00,0.488,0.228,237.270,2.200,1.000,1.000,0.0
6/5/2007,16:02:00,0.496,0.236,237.740,2.200,1.000,1.000,0.0
6/5/2007,16:03:00,0.510,0.242,237.860,2.400,1.000,1.000,0.0
6/5/2007,16:04:00,0.564,0.324,236.430,2.600,2.000,1.000,0.0
6/5/2007,16:05:00,0.488,0.224,237.450,2.200,1.000,1.000,0.0
6/5/2007,16:06:00,0.462,0.182,237.420,2.000,1.000,1.000,0.0
6/5/2007,16:07:00,0.406,0.086,238.040,1.800,1.000,0.000,0.0
6/5/2007,16:08:00,0.406,0.086,237.850,1.800,2.000,0.000,0.0
6/5/2007,16:09:00,0.404,0.086,237.960,1.600,1.000,0.000,0.0
6/5/2007,16:10:00,0.400,0.084,236.820,1.600,1.000,0.000,0.0
6/5/2007,16:11:00,0.398,0.106,236.440,1.800,1.000,0.000,0.0
6/5/2007,16:12:00,0.368,0.110,236.390,1.600,1.000,0.000,0.0
6/5/2007,16:13:00,0.368,0.112,236.100,1.600,1.000,0.000,0.0
6/5/2007,16:14:00,0.402,0.088,236.050,1.800,1.000,0.000,0.0
6/5/2007,16:15:00,0.408,0.080,236.060,1.800,1.000,0.000,0.0
6/5/2007,16:16:00,0.400,0.084,235.850,1.600,2.000,0.000,0.0
6/5/2007,16:17:00,0.384,0.072,236.030,1.600,1.000,0.000,0.0
6/5/2007,16:18:00,0.328,0.000,235.990,1.400,1.000,0.000,0.0
6/5/2007,16:19:00,0.324,0.000,236.040,1.400,1.000,0.000,0.0
6/5/2007,16:20:00,0.328,0.000,236.240,1.400,1.000,0.000,0.0
6/5/2007,16:21:00,0.326,0.000,235.900,1.400,2.000,0.000,0.0
6/5/2007,16:22:00,0.298,0.000,236.020,1.200,0.000,0.000,0.0
6/5/2007,16:23:00,0.304,0.000,236.140,1.200,1.000,0.000,0.0
6/5/2007,16:24:00,0.228,0.000,236.310,1.000,2.000,0.000,0.0
6/5/2007,16:25:00,0.230,0.000,236.920,1.000,1.000,0.000,0.0
6/5/2007,16:26:00,0.366,0.000,236.940,1.800,1.000,0.000,0.0
6/5/2007,16:27:00,0.356,0.098,237.070,1.600,1.000,0.000,0.0
6/5/2007,16:28:00,0.328,0.112,236.950,1.400,2.000,0.000,0.0
6/5/2007,16:29:00,0.328,0.110,236.370,1.400,1.000,0.000,0.0
6/5/2007,16:30:00,0.332,0.130,235.720,1.600,1.000,0.000,0.0
6/5/2007,16:31:00,0.494,0.296,235.110,2.400,1.000,0.000,0.0
6/5/2007,16:32:00,0.468,0.118,235.870,2.000,1.000,0.000,0.0
6/5/2007,16:33:00,1.312,0.104,235.640,7.000,12.000,0.000,0.0
6/5/2007,16:34:00,2.624,0.082,234.690,11.200,37.000,0.000,0.0
6/5/2007,16:35:00,2.684,0.202,234.750,11.400,37.000,0.000,0.0
6/5/2007,16:36:00,2.714,0.262,234.790,11.600,37.000,0.000,0.0
6/5/2007,16:37:00,2.788,0.268,235.070,11.800,37.000,0.000,0.0
6/5/2007,16:38:00,2.744,0.268,234.440,11.600,36.000,0.000,0.0
6/5/2007,16:39:00,2.590,0.126,234.920,11.000,37.000,0.000,0.0
6/5/2007,16:40:00,2.706,0.092,234.240,11.400,37.000,0.000,0.0
6/5/2007,16:41:00,2.846,0.090,234.360,12.000,36.000,0.000,0.0
6/5/2007,16:42:00,2.842,0.092,234.620,12.000,37.000,0.000,0.0
6/5/2007,16:43:00,2.848,0.092,234.980,12.000,36.000,0.000,0.0
